Student_ID,Name,Gender,Age,Department,Attendance_Percentage,Study_Hours,Sleep_Hours,Internet_Usage_Hours,Previous_Grades,Family_Income,Parent_Education,Final_Exam_Marks,Result
STU0001,Mark Lopez,Male,18,Information Technology,85.8,1.0,7.7,2.3,84.6,Medium,Associate's Degree,43.1,Fail
STU0002,Ashley Jackson,Female,18,Business Administration,80.2,4.0,7.4,1.7,82.6,Medium,Associate's Degree,49.9,Fail
STU0003,Jessica Taylor,Female,19,Electrical Engineering,64.4,4.0,8.9,1.8,68.8,Medium,High School,46.9,Fail
STU0004,Elizabeth Thomas,Female,22,Electrical Engineering,83.8,5.3,6.5,6.9,77.0,Medium,Associate's Degree,56.9,Pass
STU0005,David Davis,Male,19,Computer Science,97.7,9.3,7.1,2.3,100.0,Medium,Master's Degree,86.5,Pass
STU0006,Paul Lopez,Male,19,Electrical Engineering,65.9,1.0,5.8,4.5,83.8,High,Bachelor's Degree,32.5,Fail
STU0007,Mark Rodriguez,Male,18,Computer Science,72.3,4.1,5.5,1.2,67.4,Low,Master's Degree,44.9,Fail
STU0008,Betty Anderson,Female,19,Business Administration,86.3,1.0,7.4,5.6,87.8,High,Associate's Degree,53.4,Pass
STU0009,Karen Thomas,Female,18,Business Administration,82.4,3.9,6.1,4.0,95.1,Medium,Bachelor's Degree,55.4,Pass
STU0010,Susan Taylor,Female,22,Business Administration,86.1,3.1,6.9,3.9,82.2,High,Bachelor's Degree,51.9,Pass
STU0011,Richard Wilson,Male,21,Mechanical Engineering,75.0,1.7,8.9,4.1,82.6,Low,Master's Degree,43.4,Fail
STU0012,Margaret Miller,Female,18,Business Administration,93.6,7.0,8.9,4.3,97.6,Low,Bachelor's Degree,72.1,Pass
STU0013,Sarah Jackson,Female,22,Electrical Engineering,82.5,5.6,9.7,4.7,77.1,High,Associate's Degree,47.4,Fail
STU0014,Donald Davis,Male,21,Information Technology,89.0,6.8,9.0,2.6,100.0,High,Associate's Degree,80.8,Pass
STU0015,Paul Moore,Male,20,Computer Science,85.2,3.8,9.9,2.5,94.6,Medium,Associate's Degree,49.2,Fail
STU0016,Joshua Miller,Male,18,Mechanical Engineering,83.8,4.8,7.5,3.6,88.6,Medium,Bachelor's Degree,61.8,Pass
STU0017,Robert Moore,Male,18,Business Administration,88.3,8.5,5.9,4.5,88.1,High,PhD,86.3,Pass
STU0018,Karen Miller,Female,20,Business Administration,83.9,5.0,5.8,3.4,88.5,Low,High School,54.1,Pass
STU0019,Steven Wilson,Male,20,Information Technology,70.1,6.8,8.7,4.7,68.1,Medium,High School,58.3,Pass
STU0020,Robert Lopez,Male,18,Information Technology,92.9,3.6,7.1,4.4,100.0,High,High School,71.4,Pass
STU0021,Betty Johnson,Female,20,Mechanical Engineering,90.2,6.6,7.2,3.2,97.7,Medium,Bachelor's Degree,67.2,Pass
STU0022,Robert Jones,Male,19,Computer Science,60.9,3.8,6.3,1.0,93.3,Medium,Associate's Degree,57.2,Pass
STU0023,Christopher Davis,Male,21,Business Administration,75.5,1.0,6.5,2.7,77.8,Medium,High School,45.4,Fail
STU0024,Daniel Miller,Male,21,Mechanical Engineering,92.4,5.0,7.5,6.1,81.3,Medium,Associate's Degree,59.1,Pass
STU0025,Mark Taylor,Male,21,Electrical Engineering,63.7,4.0,5.7,4.0,72.6,Low,Bachelor's Degree,41.4,Fail
STU0026,Linda Gonzalez,Female,19,Electrical Engineering,91.4,1.4,7.3,2.5,88.5,High,Bachelor's Degree,47.4,Fail
STU0027,Paul Smith,Male,20,Mechanical Engineering,80.6,5.4,8.8,3.9,78.4,Medium,Bachelor's Degree,62.2,Pass
STU0028,Ashley Gonzalez,Female,22,Business Administration,95.4,3.0,4.4,4.5,81.0,High,Associate's Degree,38.0,Fail
STU0029,Karen Lopez,Female,20,Mechanical Engineering,82.0,10.0,5.2,2.5,94.8,High,Bachelor's Degree,86.5,Pass
STU0030,John Williams,Male,18,Business Administration,74.8,1.8,7.8,5.4,71.8,Medium,High School,29.6,Fail
STU0031,Karen Johnson,Female,21,Information Technology,85.1,2.3,8.6,4.2,91.0,Low,High School,53.3,Pass
STU0032,Matthew Gonzalez,Male,20,Mechanical Engineering,81.7,6.9,6.4,1.9,85.4,Medium,Bachelor's Degree,69.7,Pass
STU0033,Paul Williams,Male,22,Business Administration,73.9,4.7,4.6,4.8,66.6,Medium,Associate's Degree,48.6,Fail
STU0034,Susan Wilson,Female,18,Mechanical Engineering,100.0,6.9,8.7,2.9,81.6,Medium,Bachelor's Degree,66.2,Pass
STU0035,Michelle Taylor,Female,19,Mechanical Engineering,72.3,5.8,6.0,3.2,95.9,Medium,High School,52.9,Pass
STU0036,Nancy Thomas,Female,19,Business Administration,59.6,3.7,6.6,2.0,69.0,Medium,High School,32.9,Fail
STU0037,Daniel Anderson,Male,22,Business Administration,97.8,2.0,7.4,4.4,91.0,Low,Master's Degree,62.3,Pass
STU0038,Charles Miller,Male,18,Computer Science,76.2,7.4,6.2,3.3,86.5,Medium,Bachelor's Degree,70.6,Pass
STU0039,Michelle Jones,Female,21,Mechanical Engineering,79.0,2.2,5.9,4.5,77.8,Medium,Bachelor's Degree,48.9,Fail
STU0040,James Taylor,Male,20,Electrical Engineering,78.4,6.2,6.0,2.7,100.0,Medium,Master's Degree,71.7,Pass
STU0041,Robert Gonzalez,Male,18,Mechanical Engineering,76.3,7.0,9.2,2.5,72.0,Low,Bachelor's Degree,60.0,Pass
STU0042,Sandra Moore,Female,19,Mechanical Engineering,74.3,4.7,8.4,2.4,74.4,Medium,Bachelor's Degree,53.2,Pass
STU0043,Michael Moore,Male,22,Business Administration,72.0,4.3,7.7,4.1,80.7,Low,Bachelor's Degree,54.6,Pass
STU0044,Elizabeth Thomas,Female,22,Mechanical Engineering,82.6,2.8,4.4,2.5,100.0,Medium,High School,45.2,Fail
STU0045,James Wilson,Male,20,Mechanical Engineering,78.0,6.0,7.7,3.2,83.7,Medium,Associate's Degree,61.0,Pass
STU0046,Margaret Rodriguez,Female,22,Electrical Engineering,89.3,1.0,7.6,2.7,82.3,Low,Bachelor's Degree,62.2,Pass
STU0047,Mark Taylor,Male,22,Business Administration,86.8,6.6,5.5,4.2,82.6,Medium,Associate's Degree,61.8,Pass
STU0048,Linda Lopez,Female,18,Mechanical Engineering,72.7,5.3,7.3,1.0,85.9,Medium,Associate's Degree,50.9,Pass
STU0049,Elizabeth Jones,Female,21,Information Technology,83.1,4.5,8.3,3.9,80.1,Low,Associate's Degree,50.6,Pass
STU0050,Christopher Garcia,Male,20,Computer Science,77.8,5.5,7.7,6.1,90.2,Low,High School,51.4,Pass
STU0051,Susan Wilson,Female,18,Electrical Engineering,72.1,2.0,6.2,5.4,86.0,High,High School,46.0,Fail
STU0052,Lisa Gonzalez,Female,21,Mechanical Engineering,88.9,1.0,7.0,2.6,77.2,Medium,High School,38.7,Fail
STU0053,Patricia Miller,Female,18,Information Technology,80.8,6.0,7.9,4.2,73.1,High,High School,58.6,Pass
STU0054,Michelle Brown,Female,18,Mechanical Engineering,77.9,7.9,7.1,4.0,87.1,Medium,Associate's Degree,65.9,Pass
STU0055,Jessica Martin,Female,22,Mechanical Engineering,73.4,1.2,8.5,5.7,91.5,Medium,Bachelor's Degree,47.2,Fail
STU0056,Donna Gonzalez,Female,21,Business Administration,71.7,2.7,7.5,1.0,70.7,Medium,High School,41.5,Fail
STU0057,Anthony Martinez,Male,20,Business Administration,100.0,6.7,7.9,5.2,91.4,Medium,Master's Degree,77.6,Pass
STU0058,Christopher Johnson,Male,20,Business Administration,85.3,5.8,8.0,3.1,72.7,Low,Master's Degree,70.0,Pass
STU0059,Thomas Taylor,Male,21,Information Technology,71.1,10.0,5.7,2.4,77.3,Medium,Bachelor's Degree,65.4,Pass
STU0060,Robert Garcia,Male,22,Mechanical Engineering,84.9,7.4,7.1,2.3,99.6,Medium,Bachelor's Degree,80.5,Pass
STU0061,William Jones,Male,19,Computer Science,92.6,6.8,6.6,1.6,94.0,Low,Associate's Degree,56.5,Pass
STU0062,Mark Taylor,Male,18,Electrical Engineering,83.7,3.3,8.3,2.6,85.0,Low,High School,47.8,Fail
STU0063,Sarah Williams,Female,22,Business Administration,95.7,6.2,7.6,1.9,63.6,Low,Master's Degree,63.8,Pass
STU0064,Joshua Taylor,Male,21,Business Administration,66.6,8.3,6.8,3.8,79.4,Medium,High School,59.1,Pass
STU0065,Charles Williams,Male,18,Mechanical Engineering,62.1,4.6,5.5,4.4,85.9,Medium,Master's Degree,44.6,Fail
STU0066,Emily Moore,Female,20,Mechanical Engineering,84.6,4.7,5.1,3.1,68.8,High,Bachelor's Degree,53.9,Pass
STU0067,Steven Williams,Male,19,Information Technology,84.8,5.3,7.4,5.7,80.5,Low,Associate's Degree,64.5,Pass
STU0068,Jennifer Garcia,Female,20,Information Technology,50.0,3.5,6.1,2.7,84.4,Low,Bachelor's Degree,42.7,Fail
STU0069,Matthew Anderson,Male,21,Business Administration,75.8,5.6,7.8,3.0,68.0,Medium,Bachelor's Degree,59.9,Pass
STU0070,Sarah Brown,Female,18,Mechanical Engineering,71.9,5.5,5.0,2.8,65.6,High,High School,54.2,Pass
STU0071,Sandra Jones,Female,21,Computer Science,68.1,8.3,8.9,4.4,70.2,Low,Associate's Degree,69.3,Pass
STU0072,John Hernandez,Male,18,Electrical Engineering,71.9,4.6,7.8,4.5,84.6,Medium,Bachelor's Degree,52.4,Pass
STU0073,Thomas Williams,Male,22,Mechanical Engineering,88.0,6.5,7.1,4.2,80.4,Medium,Bachelor's Degree,62.0,Pass
STU0074,Sarah Williams,Female,19,Mechanical Engineering,71.8,4.6,9.0,3.3,90.1,Low,High School,48.7,Fail
STU0075,Patricia Lopez,Female,22,Information Technology,72.2,6.4,8.1,1.5,84.7,Medium,Associate's Degree,65.9,Pass
STU0076,Karen Rodriguez,Female,22,Electrical Engineering,65.8,4.4,6.4,3.0,99.0,Low,Master's Degree,46.6,Fail
STU0077,Margaret Davis,Female,21,Business Administration,94.7,6.3,7.1,5.7,74.4,High,Bachelor's Degree,71.2,Pass
STU0078,William Hernandez,Male,19,Mechanical Engineering,86.3,6.6,4.6,5.0,89.2,Medium,Bachelor's Degree,63.9,Pass
STU0079,John Anderson,Male,18,Business Administration,57.1,2.7,8.3,3.9,68.9,Medium,PhD,42.2,Fail
STU0080,David Davis,Male,18,Mechanical Engineering,72.2,7.4,6.6,2.9,90.7,Medium,Associate's Degree,69.1,Pass
STU0081,Elizabeth Thomas,Female,20,Business Administration,87.3,4.6,4.6,3.5,84.8,Medium,Bachelor's Degree,60.1,Pass
STU0082,Emily Garcia,Female,18,Electrical Engineering,94.8,4.0,5.6,2.9,74.1,Medium,Master's Degree,61.6,Pass
STU0083,William Thomas,Male,21,Information Technology,90.4,3.4,8.0,5.3,81.1,Low,Bachelor's Degree,53.1,Pass
STU0084,Matthew Jones,Male,22,Electrical Engineering,78.4,5.7,8.9,2.2,84.3,Medium,Associate's Degree,61.1,Pass
STU0085,Matthew Taylor,Male,22,Computer Science,62.7,5.0,7.0,4.9,74.4,Low,High School,47.0,Fail
STU0086,Paul Davis,Male,22,Information Technology,90.7,5.8,5.8,2.7,92.8,Medium,Bachelor's Degree,73.0,Pass
STU0087,Betty Jackson,Female,19,Electrical Engineering,79.0,5.9,5.3,5.5,73.6,Low,Associate's Degree,51.8,Pass
STU0088,Jennifer Davis,Female,18,Computer Science,82.7,6.3,8.7,4.1,100.0,Medium,Master's Degree,74.9,Pass
STU0089,Patricia Davis,Female,21,Mechanical Engineering,80.2,10.0,7.5,2.4,98.6,Low,High School,82.8,Pass
STU0090,Matthew Gonzalez,Male,19,Mechanical Engineering,68.4,5.1,6.6,3.0,84.9,High,Associate's Degree,68.7,Pass
STU0091,James Garcia,Male,20,Business Administration,85.6,3.4,6.3,4.6,100.0,Medium,High School,53.1,Pass
STU0092,Donna Thomas,Female,21,Information Technology,84.3,1.0,7.8,2.8,75.8,Medium,Bachelor's Degree,54.1,Pass
STU0093,Jessica Smith,Female,21,Mechanical Engineering,77.7,2.4,7.8,3.5,85.6,High,Master's Degree,69.6,Pass
STU0094,Ashley Rodriguez,Female,21,Information Technology,86.7,7.7,5.9,2.7,89.5,Medium,Bachelor's Degree,69.0,Pass
STU0095,Betty Hernandez,Female,22,Mechanical Engineering,68.3,6.6,5.6,6.1,91.1,High,Master's Degree,65.2,Pass
STU0096,Betty Martinez,Female,21,Business Administration,79.3,2.0,5.7,6.4,94.3,Low,High School,40.0,Fail
STU0097,Linda Garcia,Female,18,Electrical Engineering,82.3,10.0,6.4,5.7,94.8,Medium,High School,79.4,Pass
STU0098,Richard Jones,Male,21,Business Administration,64.7,5.7,6.2,3.3,92.0,Medium,Master's Degree,53.1,Pass
STU0099,Christopher Gonzalez,Male,22,Computer Science,81.4,6.0,8.9,2.9,78.9,High,Master's Degree,63.5,Pass
STU0100,Andrew Martinez,Male,21,Mechanical Engineering,89.3,9.9,6.4,2.3,88.2,Low,Master's Degree,78.6,Pass
STU0101,Charles Hernandez,Male,20,Computer Science,79.0,8.8,5.5,5.8,100.0,High,Bachelor's Degree,75.8,Pass
STU0102,Susan Moore,Female,20,Computer Science,81.7,6.7,5.6,4.9,91.3,Medium,Associate's Degree,61.8,Pass
STU0103,Michael Johnson,Male,22,Information Technology,87.6,6.8,6.8,5.0,88.8,High,High School,66.1,Pass
STU0104,Sandra Gonzalez,Female,18,Mechanical Engineering,78.1,7.0,4.8,3.1,77.6,Medium,Master's Degree,65.8,Pass
STU0105,Nancy Miller,Female,18,Computer Science,79.0,4.5,6.9,1.0,91.9,Low,Associate's Degree,60.4,Pass
STU0106,John Gonzalez,Male,19,Electrical Engineering,70.2,5.6,5.4,1.2,74.4,Medium,Associate's Degree,63.9,Pass
STU0107,Anthony Taylor,Male,22,Computer Science,81.9,6.3,8.4,3.6,74.1,High,Bachelor's Degree,68.3,Pass
STU0108,Sarah Taylor,Female,21,Electrical Engineering,78.7,4.7,7.1,2.7,83.6,Medium,Associate's Degree,52.5,Pass
STU0109,Joseph Johnson,Male,22,Information Technology,87.0,2.9,9.5,2.5,57.5,Low,Master's Degree,40.9,Fail
STU0110,Matthew Williams,Male,19,Computer Science,87.6,4.4,7.1,4.0,89.5,Low,High School,53.2,Pass
STU0111,Donald Garcia,Male,22,Business Administration,89.9,2.8,4.0,5.0,85.6,Medium,Bachelor's Degree,49.3,Fail
STU0112,Andrew Miller,Male,22,Information Technology,76.9,5.1,8.7,2.4,79.1,Low,Bachelor's Degree,60.0,Pass
STU0113,Karen Rodriguez,Female,19,Electrical Engineering,60.2,1.1,7.6,1.5,72.7,Medium,Bachelor's Degree,41.3,Fail
STU0114,Patricia Anderson,Female,18,Information Technology,89.4,5.8,7.8,2.5,84.2,Medium,Bachelor's Degree,68.1,Pass
STU0115,Elizabeth Brown,Female,21,Computer Science,86.3,1.4,5.8,1.9,71.7,Medium,Associate's Degree,41.4,Fail
STU0116,Michelle Brown,Female,19,Mechanical Engineering,75.6,4.1,6.9,4.4,83.1,Low,Bachelor's Degree,56.7,Pass
STU0117,Emily Brown,Female,20,Mechanical Engineering,87.5,6.1,7.2,3.5,83.0,Medium,Bachelor's Degree,63.9,Pass
STU0118,Steven Lopez,Male,18,Electrical Engineering,67.5,6.7,6.7,6.3,84.3,Medium,Bachelor's Degree,54.4,Pass
STU0119,Kimberly Martinez,Female,20,Electrical Engineering,92.3,6.5,4.9,4.6,85.1,Medium,Associate's Degree,65.0,Pass
STU0120,Mary Moore,Female,18,Mechanical Engineering,78.7,5.7,10.0,6.2,80.1,Medium,High School,53.2,Pass
STU0121,Emily Wilson,Female,21,Electrical Engineering,73.7,2.5,8.0,1.4,81.8,Medium,High School,53.5,Pass
STU0122,Margaret Lopez,Female,21,Information Technology,75.8,7.2,7.5,1.0,92.8,Medium,Bachelor's Degree,61.0,Pass
STU0123,Michael Williams,Male,22,Business Administration,79.7,2.6,8.6,3.9,74.8,High,High School,46.0,Fail
STU0124,Joshua Lopez,Male,20,Business Administration,81.9,7.4,7.8,3.7,90.1,Medium,Master's Degree,74.8,Pass
STU0125,Richard Hernandez,Male,18,Information Technology,82.5,6.4,6.2,3.3,90.2,High,Bachelor's Degree,62.1,Pass
STU0126,James Garcia,Male,21,Business Administration,77.7,8.0,8.5,3.6,73.4,Medium,Bachelor's Degree,65.4,Pass
STU0127,Margaret Anderson,Female,19,Computer Science,84.0,5.1,8.0,1.8,93.5,Medium,Master's Degree,74.4,Pass
STU0128,Donna Hernandez,Female,21,Information Technology,82.1,3.2,6.2,4.3,100.0,Low,High School,61.8,Pass
STU0129,John Wilson,Male,19,Electrical Engineering,75.5,2.2,7.9,4.6,78.1,Medium,Master's Degree,54.5,Pass
STU0130,Patricia Brown,Female,18,Information Technology,74.0,2.4,6.7,1.7,77.3,Medium,Bachelor's Degree,46.5,Fail
STU0131,Steven Williams,Male,21,Mechanical Engineering,88.1,1.4,7.3,3.0,77.8,Low,Master's Degree,54.5,Pass
STU0132,Matthew Rodriguez,Male,21,Electrical Engineering,87.2,7.1,7.7,3.1,92.8,Medium,Master's Degree,80.6,Pass
STU0133,Richard Anderson,Male,18,Mechanical Engineering,82.6,7.3,8.6,2.5,91.3,Low,High School,61.7,Pass
STU0134,Christopher Martin,Male,21,Electrical Engineering,91.2,6.2,6.2,1.8,70.2,Medium,Associate's Degree,57.0,Pass
STU0135,Patricia Anderson,Female,19,Business Administration,62.4,4.9,7.4,3.5,71.6,Medium,Bachelor's Degree,52.0,Pass
STU0136,Anthony Martin,Male,21,Information Technology,76.4,9.5,9.4,3.9,92.9,Medium,Bachelor's Degree,69.9,Pass
STU0137,Lisa Williams,Female,20,Computer Science,70.4,4.8,6.8,2.6,79.9,High,Associate's Degree,55.8,Pass
STU0138,Kimberly Lopez,Female,22,Electrical Engineering,100.0,5.5,7.2,1.9,74.9,Medium,Associate's Degree,66.2,Pass
STU0139,Mark Thomas,Male,19,Electrical Engineering,89.1,4.9,9.4,4.1,99.2,Medium,Associate's Degree,67.5,Pass
STU0140,Elizabeth Martin,Female,20,Mechanical Engineering,81.2,4.3,7.8,2.3,74.3,Medium,Bachelor's Degree,54.6,Pass
STU0141,Barbara Jackson,Female,18,Business Administration,89.8,6.4,5.2,3.0,86.5,High,PhD,78.8,Pass
STU0142,William Williams,Male,19,Mechanical Engineering,93.2,3.6,6.0,2.8,81.6,Medium,Bachelor's Degree,59.6,Pass
STU0143,Mary Garcia,Female,22,Mechanical Engineering,93.1,3.5,7.8,5.4,72.4,Medium,Associate's Degree,55.9,Pass
STU0144,Mark Johnson,Male,22,Business Administration,91.2,6.5,7.5,2.4,88.3,Low,High School,60.7,Pass
STU0145,Robert Taylor,Male,18,Computer Science,79.4,3.9,7.2,6.1,85.5,Medium,High School,61.7,Pass
STU0146,Daniel Moore,Male,18,Mechanical Engineering,77.0,5.3,9.6,4.6,78.2,Low,Bachelor's Degree,54.4,Pass
STU0147,Margaret Lopez,Female,19,Mechanical Engineering,72.4,4.2,6.3,6.2,77.5,Medium,Master's Degree,51.2,Pass
STU0148,Ashley Davis,Female,21,Electrical Engineering,87.0,5.0,6.9,4.5,90.1,High,Associate's Degree,62.5,Pass
STU0149,Anthony Taylor,Male,18,Business Administration,80.4,3.5,4.6,3.2,61.5,Medium,Bachelor's Degree,40.5,Fail
STU0150,Joseph Anderson,Male,21,Information Technology,77.8,3.6,8.4,2.1,72.5,Medium,Master's Degree,48.0,Fail
STU0151,Sandra Moore,Female,20,Computer Science,77.3,3.2,6.0,3.0,82.6,Medium,Master's Degree,58.1,Pass
STU0152,Joshua Miller,Male,22,Computer Science,96.5,6.9,8.3,5.7,82.5,Medium,High School,60.7,Pass
STU0153,Robert Lopez,Male,21,Business Administration,91.5,5.4,7.1,3.4,79.8,Medium,High School,61.0,Pass
STU0154,Jennifer Martin,Female,22,Electrical Engineering,100.0,7.0,9.8,4.5,97.4,Medium,Associate's Degree,68.3,Pass
STU0155,Sandra Anderson,Female,21,Electrical Engineering,87.3,7.3,7.8,3.8,80.5,Low,Bachelor's Degree,70.3,Pass
STU0156,Anthony Miller,Male,20,Business Administration,82.6,4.0,6.6,3.9,100.0,Low,PhD,67.5,Pass
STU0157,Kimberly Lopez,Female,18,Electrical Engineering,81.7,6.9,7.5,3.9,68.0,Medium,High School,56.2,Pass
STU0158,Michelle Brown,Female,20,Computer Science,71.8,5.0,6.1,4.2,59.7,Medium,High School,43.6,Fail
STU0159,Thomas Garcia,Male,18,Computer Science,69.4,4.7,7.4,2.3,89.8,Low,Master's Degree,52.6,Pass
STU0160,Ashley Johnson,Female,18,Information Technology,87.1,7.8,6.8,3.1,77.6,Medium,Bachelor's Degree,78.4,Pass
STU0161,Joseph Hernandez,Male,22,Business Administration,72.7,6.2,6.9,4.0,73.7,Low,PhD,65.5,Pass
STU0162,Betty Taylor,Female,20,Mechanical Engineering,84.1,4.2,5.9,3.7,92.5,Low,Associate's Degree,47.3,Fail
STU0163,Jessica Moore,Female,21,Mechanical Engineering,93.2,6.1,7.4,2.8,81.3,Medium,Associate's Degree,62.1,Pass
STU0164,Emily Wilson,Female,20,Information Technology,75.3,2.2,8.0,4.1,88.0,Medium,High School,46.4,Fail
STU0165,Mark Garcia,Male,22,Information Technology,100.0,5.5,5.0,2.3,80.5,Medium,High School,58.2,Pass
STU0166,Lisa Gonzalez,Female,18,Electrical Engineering,72.1,1.7,6.2,1.7,81.5,Medium,Bachelor's Degree,42.0,Fail
STU0167,James Garcia,Male,22,Information Technology,91.9,2.8,7.2,3.9,77.0,High,Associate's Degree,49.3,Fail
STU0168,Thomas Davis,Male,19,Information Technology,86.2,6.3,4.2,1.7,76.3,Medium,High School,56.2,Pass
STU0169,Christopher Jackson,Male,19,Mechanical Engineering,93.9,1.0,9.1,3.9,97.6,Low,Master's Degree,59.9,Pass
STU0170,Sarah Taylor,Female,21,Electrical Engineering,70.8,9.0,6.1,1.0,97.6,Medium,High School,72.6,Pass
STU0171,Nancy Wilson,Female,22,Information Technology,100.0,6.8,5.9,2.4,80.9,Low,Bachelor's Degree,64.5,Pass
STU0172,Mark Thomas,Male,21,Information Technology,80.2,1.0,6.8,3.0,76.4,High,Associate's Degree,43.1,Fail
STU0173,Michelle Smith,Female,21,Electrical Engineering,88.8,10.0,7.2,1.1,100.0,Low,Master's Degree,81.4,Pass
STU0174,Charles Davis,Male,19,Business Administration,96.4,10.0,6.1,2.9,81.6,Medium,High School,72.4,Pass
STU0175,Emily Smith,Female,21,Electrical Engineering,76.0,4.6,8.2,5.3,72.6,Low,Bachelor's Degree,55.8,Pass
STU0176,John Smith,Male,19,Mechanical Engineering,90.3,3.0,7.5,1.6,86.8,High,High School,48.3,Fail
STU0177,Mary Rodriguez,Female,18,Business Administration,74.3,8.7,6.0,3.0,100.0,Medium,Associate's Degree,74.1,Pass
STU0178,Matthew Smith,Male,22,Computer Science,96.0,4.2,6.4,6.1,85.0,High,Bachelor's Degree,62.8,Pass
STU0179,Betty Martin,Female,21,Electrical Engineering,74.4,5.4,5.2,1.9,93.1,Low,High School,54.0,Pass
STU0180,Richard Johnson,Male,19,Mechanical Engineering,82.4,7.7,5.5,5.6,76.4,Low,Associate's Degree,62.1,Pass
STU0181,David Miller,Male,20,Business Administration,85.1,4.7,7.5,3.1,87.0,Low,Master's Degree,62.9,Pass
STU0182,Anthony Moore,Male,21,Electrical Engineering,89.8,4.5,6.0,3.7,80.3,High,Master's Degree,60.4,Pass
STU0183,Margaret Johnson,Female,18,Information Technology,100.0,2.2,9.2,5.4,100.0,High,High School,53.5,Pass
STU0184,Karen Lopez,Female,18,Electrical Engineering,77.5,3.6,7.1,2.8,96.9,Low,High School,60.0,Pass
STU0185,Steven Davis,Male,20,Computer Science,93.4,4.4,5.4,4.4,100.0,Low,High School,61.5,Pass
STU0186,Lisa Williams,Female,19,Electrical Engineering,100.0,2.3,5.6,4.8,75.8,Medium,High School,59.8,Pass
STU0187,Barbara Rodriguez,Female,21,Business Administration,83.7,2.5,8.3,2.5,80.9,Low,PhD,51.3,Pass
STU0188,Barbara Rodriguez,Female,19,Business Administration,76.5,5.1,6.9,2.4,86.3,Low,Bachelor's Degree,55.3,Pass
STU0189,Susan Rodriguez,Female,18,Electrical Engineering,64.7,1.0,8.2,3.2,69.3,Low,Bachelor's Degree,36.8,Fail
STU0190,Paul Lopez,Male,19,Business Administration,100.0,3.1,6.6,3.2,85.0,Low,PhD,61.9,Pass
STU0191,Joseph Davis,Male,18,Information Technology,79.6,9.3,6.3,1.9,97.2,Low,Bachelor's Degree,79.7,Pass
STU0192,Emily Martin,Female,19,Electrical Engineering,72.0,4.2,8.3,2.5,75.3,Low,Bachelor's Degree,54.0,Pass
STU0193,Margaret Miller,Female,20,Information Technology,68.4,4.0,6.0,1.0,73.0,Medium,Associate's Degree,50.5,Pass
STU0194,Lisa Martin,Female,22,Information Technology,72.0,4.2,7.6,3.0,73.1,High,Associate's Degree,59.9,Pass
STU0195,Donald Brown,Male,20,Mechanical Engineering,91.2,4.3,6.7,4.8,70.4,Medium,Bachelor's Degree,61.1,Pass
STU0196,David Williams,Male,20,Electrical Engineering,92.6,6.3,8.1,1.0,95.0,Medium,High School,75.6,Pass
STU0197,Sarah Martinez,Female,22,Business Administration,88.5,6.1,9.2,2.8,78.5,Low,Associate's Degree,46.0,Fail
STU0198,Sandra Hernandez,Female,22,Information Technology,83.3,4.1,6.5,7.2,74.3,Medium,High School,49.2,Fail
STU0199,Emily Lopez,Female,21,Mechanical Engineering,69.5,4.5,6.3,3.5,86.1,Medium,High School,46.9,Fail
STU0200,Nancy Gonzalez,Female,21,Electrical Engineering,74.7,7.9,7.8,5.5,85.6,Medium,Bachelor's Degree,75.1,Pass
STU0201,Betty Jackson,Female,20,Electrical Engineering,70.9,1.7,5.7,2.0,72.4,Low,Bachelor's Degree,26.1,Fail
STU0202,Andrew Wilson,Male,20,Computer Science,87.7,4.9,8.9,4.2,92.1,High,Associate's Degree,71.1,Pass
STU0203,Michael Gonzalez,Male,18,Computer Science,71.4,5.3,8.7,1.7,76.4,Low,Associate's Degree,47.0,Fail
STU0204,Jessica Jackson,Female,18,Information Technology,74.9,3.3,5.8,4.1,58.4,Medium,Bachelor's Degree,35.9,Fail
STU0205,Nancy Moore,Female,21,Computer Science,80.2,4.7,5.1,4.8,96.0,High,High School,59.5,Pass
STU0206,David Moore,Male,21,Information Technology,65.3,3.0,5.6,4.4,70.1,Medium,Bachelor's Degree,39.5,Fail
STU0207,Andrew Jones,Male,18,Business Administration,82.5,6.4,5.6,3.0,77.9,Medium,Bachelor's Degree,69.9,Pass
STU0208,Sarah Williams,Female,18,Information Technology,80.9,2.1,8.0,3.9,72.5,High,High School,52.6,Pass
STU0209,Charles Jackson,Male,19,Computer Science,93.8,7.3,8.9,3.9,88.4,Medium,Bachelor's Degree,68.9,Pass
STU0210,Robert Anderson,Male,19,Business Administration,73.8,4.8,7.1,4.5,79.1,Low,Bachelor's Degree,58.9,Pass
STU0211,Mary Miller,Female,18,Computer Science,69.0,4.0,6.7,3.3,90.0,High,High School,52.4,Pass
STU0212,Nancy Taylor,Female,19,Information Technology,78.3,2.8,7.4,4.9,96.6,Low,High School,47.7,Fail
STU0213,Michelle Jones,Female,22,Mechanical Engineering,71.0,7.3,6.0,5.7,77.6,High,PhD,71.4,Pass
STU0214,Michael Lopez,Male,21,Electrical Engineering,82.4,3.6,8.3,3.0,72.3,Low,High School,52.3,Pass
STU0215,Michelle Moore,Female,21,Computer Science,63.4,2.4,7.5,3.6,72.2,Medium,Master's Degree,44.5,Fail
STU0216,Steven Jackson,Male,18,Information Technology,75.9,7.3,7.9,2.1,89.5,Medium,Bachelor's Degree,69.0,Pass
STU0217,Thomas Brown,Male,20,Business Administration,72.7,3.0,6.1,4.0,78.3,Medium,Associate's Degree,50.1,Pass
STU0218,Patricia Brown,Female,18,Computer Science,87.7,4.8,6.8,4.0,78.9,Medium,High School,51.1,Pass
STU0219,Patricia Anderson,Female,19,Computer Science,73.9,6.8,7.9,3.6,71.3,Low,Bachelor's Degree,66.3,Pass
STU0220,Patricia Brown,Female,20,Electrical Engineering,64.6,5.3,8.7,3.7,59.0,Medium,Associate's Degree,41.0,Fail
STU0221,Barbara Miller,Female,19,Information Technology,80.0,8.8,6.3,6.4,77.5,Low,Bachelor's Degree,62.6,Pass
STU0222,Karen Jackson,Female,22,Mechanical Engineering,85.2,3.2,7.9,1.0,94.3,Medium,Master's Degree,71.8,Pass
STU0223,Andrew Lopez,Male,19,Business Administration,79.3,4.5,6.1,2.8,86.7,Medium,Master's Degree,64.1,Pass
STU0224,Robert Gonzalez,Male,22,Information Technology,75.9,4.7,9.5,3.0,80.1,Medium,Associate's Degree,61.7,Pass
STU0225,Paul Davis,Male,22,Business Administration,75.3,6.4,6.5,5.7,91.3,Medium,Master's Degree,65.7,Pass
STU0226,Mark Smith,Male,19,Computer Science,83.1,7.8,7.8,4.2,73.9,Low,Master's Degree,79.7,Pass
STU0227,Jennifer Davis,Female,19,Electrical Engineering,73.1,5.2,7.2,4.2,82.8,Medium,Master's Degree,64.7,Pass
STU0228,Michael Thomas,Male,22,Electrical Engineering,78.7,4.7,10.0,5.4,64.6,Medium,Bachelor's Degree,43.0,Fail
STU0229,Karen Lopez,Female,20,Mechanical Engineering,89.5,1.7,7.3,3.2,83.9,Medium,Bachelor's Degree,48.8,Fail
STU0230,Sandra Wilson,Female,22,Electrical Engineering,69.0,5.2,6.4,4.5,84.2,Low,Bachelor's Degree,46.6,Fail
STU0231,Patricia Jones,Female,21,Computer Science,81.6,3.6,7.8,2.7,84.4,Medium,Associate's Degree,48.7,Fail
STU0232,Elizabeth Garcia,Female,22,Mechanical Engineering,64.1,6.4,7.7,1.9,94.0,Low,PhD,64.6,Pass
STU0233,Betty Rodriguez,Female,20,Information Technology,84.3,4.1,6.8,6.2,90.3,Medium,High School,50.2,Pass
STU0234,Margaret Wilson,Female,21,Electrical Engineering,72.2,4.5,5.7,4.1,69.1,Low,High School,28.5,Fail
STU0235,Richard Martin,Male,18,Mechanical Engineering,92.2,1.8,6.4,4.5,92.8,High,Master's Degree,63.0,Pass
STU0236,Patricia Miller,Female,18,Computer Science,67.2,1.0,8.1,1.9,74.2,Low,High School,37.7,Fail
STU0237,David Taylor,Male,20,Business Administration,86.4,9.1,4.9,4.3,69.2,Medium,Master's Degree,69.6,Pass
STU0238,John Williams,Male,22,Business Administration,94.2,5.3,6.7,6.2,84.4,Low,Bachelor's Degree,54.9,Pass
STU0239,Elizabeth Jones,Female,19,Computer Science,71.7,5.9,8.2,3.1,89.3,Medium,High School,67.8,Pass
STU0240,James Davis,Male,20,Computer Science,73.4,3.0,6.9,1.6,69.5,Medium,Associate's Degree,45.0,Fail
STU0241,Nancy Brown,Female,21,Business Administration,72.6,6.9,9.6,3.8,97.5,Medium,Bachelor's Degree,62.1,Pass
STU0242,Betty Anderson,Female,21,Mechanical Engineering,77.1,6.5,4.9,1.9,75.1,Low,Bachelor's Degree,56.0,Pass
STU0243,Lisa Martinez,Female,18,Business Administration,87.2,3.2,5.8,1.2,77.1,Medium,Master's Degree,55.0,Pass
STU0244,Robert Wilson,Male,21,Computer Science,76.3,2.7,4.2,2.4,73.0,Low,Master's Degree,28.1,Fail
STU0245,Donald Martinez,Male,20,Electrical Engineering,70.8,3.4,9.4,2.8,62.6,Low,Associate's Degree,37.2,Fail
STU0246,Karen Lopez,Female,21,Information Technology,61.8,4.9,5.9,2.0,70.2,Medium,High School,45.8,Fail
STU0247,Thomas Smith,Male,20,Electrical Engineering,98.0,5.4,4.6,5.5,79.1,Low,Master's Degree,55.2,Pass
STU0248,Elizabeth Martin,Female,19,Electrical Engineering,98.8,5.1,6.3,6.3,84.6,Low,Bachelor's Degree,53.4,Pass
STU0249,Jessica Hernandez,Female,18,Computer Science,87.6,7.9,7.1,4.4,57.6,High,High School,51.6,Pass
STU0250,Nancy Smith,Female,21,Business Administration,73.9,3.4,6.3,4.1,87.3,High,Master's Degree,60.5,Pass
STU0251,Joshua Hernandez,Male,20,Mechanical Engineering,89.5,2.6,7.0,3.3,88.6,Medium,Master's Degree,62.4,Pass
STU0252,William Anderson,Male,22,Electrical Engineering,91.5,5.0,8.0,2.2,96.5,Low,Bachelor's Degree,63.6,Pass
STU0253,Elizabeth Lopez,Female,18,Business Administration,79.5,1.3,6.8,5.9,63.6,Low,Associate's Degree,35.9,Fail
STU0254,William Taylor,Male,19,Mechanical Engineering,82.4,6.5,7.0,3.4,82.2,Medium,Bachelor's Degree,63.9,Pass
STU0255,Steven Lopez,Male,20,Electrical Engineering,94.3,5.2,6.3,2.8,94.8,Low,Bachelor's Degree,60.3,Pass
STU0256,Margaret Anderson,Female,19,Mechanical Engineering,65.6,4.3,5.2,5.0,90.3,High,Master's Degree,57.9,Pass
STU0257,Barbara Lopez,Female,19,Business Administration,92.0,4.1,4.8,3.4,98.5,Low,PhD,55.6,Pass
STU0258,Michelle Moore,Female,21,Information Technology,78.9,7.0,6.6,5.0,86.3,High,Bachelor's Degree,79.1,Pass
STU0259,Sandra Johnson,Female,21,Business Administration,70.9,6.9,7.1,2.9,83.4,Medium,Bachelor's Degree,58.4,Pass
STU0260,Thomas Jones,Male,20,Computer Science,71.7,4.5,6.5,5.0,65.6,Medium,PhD,54.1,Pass
STU0261,Michelle Smith,Female,22,Mechanical Engineering,73.4,6.3,4.8,5.0,94.2,Low,High School,54.9,Pass
STU0262,Jennifer Garcia,Female,20,Information Technology,69.9,6.9,7.2,5.5,79.2,High,High School,62.2,Pass
STU0263,William Jones,Male,22,Mechanical Engineering,99.7,5.7,9.0,2.4,87.1,Low,Master's Degree,73.8,Pass
STU0264,Mary Taylor,Female,19,Mechanical Engineering,86.9,4.5,6.9,3.4,83.1,Medium,High School,42.9,Fail
STU0265,Donna Wilson,Female,18,Electrical Engineering,92.6,5.8,6.3,6.4,61.9,High,High School,57.0,Pass
STU0266,Nancy Martinez,Female,20,Computer Science,87.6,2.7,6.9,3.1,73.3,Low,High School,42.6,Fail
STU0267,Michelle Moore,Female,20,Mechanical Engineering,82.6,5.2,5.7,4.7,88.2,Medium,Associate's Degree,60.8,Pass
STU0268,Lisa Johnson,Female,22,Business Administration,82.7,4.5,5.6,6.9,82.3,Medium,High School,50.3,Pass
STU0269,Paul Miller,Male,19,Business Administration,78.0,4.1,7.5,1.0,86.2,Medium,Associate's Degree,58.1,Pass
STU0270,Mark Hernandez,Male,19,Electrical Engineering,78.8,1.2,8.2,3.1,86.1,Medium,PhD,45.7,Fail
STU0271,Emily Lopez,Female,22,Computer Science,67.9,2.7,6.8,3.5,70.2,Medium,Bachelor's Degree,41.1,Fail
STU0272,Barbara Martin,Female,19,Computer Science,92.8,3.9,4.6,1.0,78.4,Medium,Bachelor's Degree,69.2,Pass
STU0273,Betty Martin,Female,21,Business Administration,63.9,7.0,7.4,2.8,81.6,Medium,High School,63.4,Pass
STU0274,Ashley Moore,Female,18,Information Technology,71.4,5.6,9.5,2.0,90.2,Medium,Bachelor's Degree,65.3,Pass
STU0275,Karen Davis,Female,20,Electrical Engineering,100.0,7.1,6.7,4.8,86.2,Low,Bachelor's Degree,67.9,Pass
STU0276,Emily Smith,Female,18,Electrical Engineering,83.4,7.7,6.8,1.0,68.9,High,Bachelor's Degree,65.4,Pass
STU0277,Jessica Garcia,Female,20,Business Administration,83.8,5.7,6.0,6.3,82.4,High,High School,62.7,Pass
STU0278,Elizabeth Anderson,Female,21,Business Administration,88.4,5.3,7.6,4.5,92.0,Medium,Associate's Degree,55.8,Pass
STU0279,Margaret Johnson,Female,19,Information Technology,66.6,2.9,6.2,1.9,92.0,Medium,Master's Degree,50.5,Pass
STU0280,Mary Hernandez,Female,22,Information Technology,68.1,9.4,8.2,5.0,89.3,Medium,Bachelor's Degree,72.2,Pass
STU0281,Karen Moore,Female,21,Computer Science,77.6,1.9,6.2,4.4,64.1,Medium,Bachelor's Degree,44.8,Fail
STU0282,Paul Taylor,Male,18,Electrical Engineering,73.0,5.3,7.4,3.4,78.2,Medium,Bachelor's Degree,61.3,Pass
STU0283,Joseph Anderson,Male,22,Electrical Engineering,81.3,6.8,6.9,2.4,90.1,Low,Associate's Degree,62.6,Pass
STU0284,Joseph Taylor,Male,19,Business Administration,86.9,6.9,8.9,4.3,95.0,Medium,Bachelor's Degree,72.3,Pass
STU0285,Nancy Davis,Female,21,Computer Science,95.9,2.5,7.5,3.7,87.5,Low,High School,50.0,Pass
STU0286,Anthony Brown,Male,22,Electrical Engineering,90.1,4.1,8.7,2.5,80.9,Low,Bachelor's Degree,60.3,Pass
STU0287,James Smith,Male,21,Computer Science,72.1,3.2,7.1,1.5,88.2,Medium,PhD,60.5,Pass
STU0288,Donna Thomas,Female,21,Computer Science,78.3,1.0,6.8,2.2,71.5,Medium,Bachelor's Degree,50.9,Pass
STU0289,Anthony Thomas,Male,19,Business Administration,75.5,5.3,7.0,2.7,84.5,Medium,Associate's Degree,58.0,Pass
STU0290,Elizabeth Rodriguez,Female,20,Computer Science,71.8,3.4,6.1,5.2,87.3,Medium,Associate's Degree,55.4,Pass
STU0291,John Moore,Male,22,Information Technology,69.6,8.3,7.6,4.8,91.2,High,Bachelor's Degree,76.2,Pass
STU0292,David Rodriguez,Male,19,Information Technology,98.6,6.4,7.1,2.8,93.5,Medium,Master's Degree,70.6,Pass
STU0293,Mary Rodriguez,Female,21,Mechanical Engineering,82.1,5.1,7.1,2.9,89.2,Medium,Bachelor's Degree,77.2,Pass
STU0294,Donald Gonzalez,Male,19,Business Administration,79.8,4.0,8.0,5.0,71.3,Low,Bachelor's Degree,55.7,Pass
STU0295,Thomas Gonzalez,Male,20,Mechanical Engineering,86.8,5.3,8.9,3.9,84.6,Low,High School,55.6,Pass
STU0296,Sarah Hernandez,Female,22,Information Technology,87.3,4.4,7.2,3.9,74.3,Medium,Bachelor's Degree,61.4,Pass
STU0297,Linda Johnson,Female,20,Mechanical Engineering,93.2,5.2,8.0,2.4,82.3,Medium,Bachelor's Degree,59.4,Pass
STU0298,David Wilson,Male,18,Business Administration,74.6,9.2,7.9,3.3,75.5,Medium,PhD,70.4,Pass
STU0299,Linda Garcia,Female,22,Business Administration,86.0,2.7,6.5,3.5,84.6,Medium,Associate's Degree,56.9,Pass
STU0300,Andrew Garcia,Male,20,Computer Science,72.9,4.6,9.5,3.4,61.8,Medium,Bachelor's Degree,46.3,Fail
STU0301,John Moore,Male,21,Electrical Engineering,80.1,6.6,6.3,4.6,91.1,Low,Associate's Degree,60.9,Pass
STU0302,Betty Rodriguez,Female,22,Computer Science,82.6,4.1,7.1,4.6,82.5,Low,Bachelor's Degree,53.1,Pass
STU0303,Donna Gonzalez,Female,22,Business Administration,83.5,8.5,8.7,2.1,100.0,High,Master's Degree,84.3,Pass
STU0304,Lisa Smith,Female,19,Information Technology,83.1,6.5,8.7,2.7,83.2,Medium,High School,60.0,Pass
STU0305,Susan Anderson,Female,21,Information Technology,90.0,3.4,7.0,2.5,80.5,Low,Associate's Degree,41.9,Fail
STU0306,Mary Lopez,Female,18,Computer Science,76.0,5.4,8.2,5.6,89.7,Medium,Bachelor's Degree,68.8,Pass
STU0307,Susan Anderson,Female,20,Business Administration,83.8,3.4,6.7,6.9,80.2,Medium,Bachelor's Degree,51.9,Pass
STU0308,Andrew Smith,Male,19,Information Technology,74.4,3.2,6.4,2.8,82.7,Medium,High School,56.8,Pass
STU0309,Kimberly Taylor,Female,20,Business Administration,100.0,4.7,5.5,3.2,95.6,Low,Associate's Degree,51.5,Pass
STU0310,Robert Lopez,Male,18,Information Technology,72.9,7.8,7.9,4.8,82.6,Medium,Bachelor's Degree,59.2,Pass
STU0311,David Hernandez,Male,18,Business Administration,75.0,6.6,8.0,2.4,96.1,Low,Master's Degree,67.7,Pass
STU0312,Robert Davis,Male,22,Mechanical Engineering,90.8,5.0,6.3,4.8,67.8,High,High School,59.4,Pass
STU0313,Anthony Wilson,Male,18,Business Administration,77.7,6.7,7.3,3.5,100.0,Medium,Master's Degree,68.5,Pass
STU0314,Karen Johnson,Female,20,Business Administration,90.8,5.6,10.0,1.0,67.5,Medium,High School,45.9,Fail
STU0315,Sandra Rodriguez,Female,21,Computer Science,83.5,2.4,8.4,1.5,93.9,Medium,High School,54.0,Pass
STU0316,Jennifer Davis,Female,21,Mechanical Engineering,78.0,4.7,5.9,3.0,63.7,Low,High School,41.2,Fail
STU0317,Donald Johnson,Male,22,Electrical Engineering,74.5,4.8,8.2,5.3,100.0,Low,Master's Degree,64.7,Pass
STU0318,David Lopez,Male,20,Computer Science,74.1,6.7,5.9,2.2,85.8,High,High School,61.4,Pass
STU0319,William Johnson,Male,20,Electrical Engineering,78.1,3.8,4.0,2.7,71.8,Low,Bachelor's Degree,43.8,Fail
STU0320,Donald Jones,Male,18,Information Technology,80.3,3.0,7.0,3.8,99.3,Low,Bachelor's Degree,63.0,Pass
STU0321,Margaret Lopez,Female,20,Electrical Engineering,73.7,4.9,8.9,1.0,71.0,High,PhD,54.3,Pass
STU0322,Linda Anderson,Female,19,Business Administration,80.9,3.6,8.7,3.9,79.2,Medium,Master's Degree,60.5,Pass
STU0323,Lisa Thomas,Female,18,Electrical Engineering,71.1,4.3,7.5,1.2,100.0,Medium,Bachelor's Degree,55.7,Pass
STU0324,David Wilson,Male,19,Computer Science,89.6,4.8,6.3,4.4,88.2,Low,Master's Degree,63.9,Pass
STU0325,Emily Lopez,Female,22,Computer Science,91.5,4.2,7.6,2.3,63.5,Medium,Bachelor's Degree,62.5,Pass
STU0326,Lisa Gonzalez,Female,21,Electrical Engineering,75.0,7.1,6.7,2.1,82.0,Medium,Master's Degree,65.6,Pass
STU0327,Lisa Thomas,Female,22,Computer Science,74.4,8.1,6.4,3.9,82.3,Medium,Associate's Degree,69.3,Pass
STU0328,Margaret Anderson,Female,21,Computer Science,83.8,6.9,8.3,4.7,87.7,Low,High School,59.0,Pass
STU0329,Michael Hernandez,Male,22,Electrical Engineering,94.7,1.1,6.4,4.1,80.1,Medium,Bachelor's Degree,50.7,Pass
STU0330,Andrew Anderson,Male,20,Mechanical Engineering,96.9,3.6,8.4,3.8,89.3,Medium,Associate's Degree,47.6,Fail
STU0331,Michael Gonzalez,Male,19,Mechanical Engineering,68.0,4.6,6.3,3.8,65.4,Medium,Associate's Degree,46.9,Fail
STU0332,Donna Johnson,Female,21,Information Technology,92.1,1.0,9.5,4.1,74.5,Medium,Bachelor's Degree,44.5,Fail
STU0333,Anthony Brown,Male,18,Computer Science,81.4,3.1,5.0,4.2,84.0,Low,Associate's Degree,51.0,Pass
STU0334,Donald Martin,Male,19,Electrical Engineering,81.6,4.6,5.9,2.9,75.1,Low,Bachelor's Degree,56.0,Pass
STU0335,Anthony Anderson,Male,18,Computer Science,87.0,4.0,6.8,4.5,93.8,Medium,High School,56.8,Pass
STU0336,Robert Davis,Male,19,Business Administration,77.2,5.0,4.6,2.3,75.2,Medium,PhD,57.1,Pass
STU0337,Ashley Martinez,Female,19,Computer Science,93.0,2.0,4.0,5.1,82.8,High,Master's Degree,42.7,Fail
STU0338,Linda Moore,Female,22,Computer Science,96.2,4.0,4.6,4.7,83.2,Medium,Master's Degree,64.8,Pass
STU0339,John Taylor,Male,21,Mechanical Engineering,96.6,5.3,6.6,6.8,75.7,Medium,Associate's Degree,62.0,Pass
STU0340,Matthew Brown,Male,21,Electrical Engineering,63.6,5.0,6.7,4.3,81.1,High,Bachelor's Degree,48.3,Fail
STU0341,Lisa Miller,Female,19,Computer Science,79.7,6.0,7.4,4.9,71.0,Low,PhD,62.3,Pass
STU0342,Daniel Martinez,Male,20,Mechanical Engineering,62.6,5.9,6.8,1.2,77.0,Medium,Master's Degree,61.5,Pass
STU0343,Richard Gonzalez,Male,20,Information Technology,74.3,4.1,7.4,4.9,81.4,Low,Bachelor's Degree,48.8,Fail
STU0344,Richard Taylor,Male,18,Mechanical Engineering,58.0,5.3,6.5,5.3,65.8,Low,Associate's Degree,43.4,Fail
STU0345,Charles Martinez,Male,18,Mechanical Engineering,86.5,3.2,7.9,5.8,88.1,Medium,Bachelor's Degree,52.4,Pass
STU0346,Linda Martin,Female,22,Mechanical Engineering,84.2,4.4,7.7,3.7,85.5,Medium,Bachelor's Degree,54.0,Pass
STU0347,Linda Miller,Female,19,Computer Science,77.7,2.7,6.6,3.0,85.2,Medium,Associate's Degree,46.9,Fail
STU0348,James Lopez,Male,18,Computer Science,74.1,7.3,7.6,1.9,84.9,Medium,Bachelor's Degree,70.4,Pass
STU0349,Matthew Martinez,Male,18,Information Technology,85.1,4.4,6.8,2.0,71.5,Medium,Master's Degree,62.6,Pass
STU0350,Margaret Gonzalez,Female,19,Business Administration,71.9,7.3,5.2,3.5,84.5,Low,Bachelor's Degree,59.9,Pass
STU0351,Sarah Rodriguez,Female,22,Business Administration,71.2,5.7,8.1,1.0,88.8,Medium,Bachelor's Degree,68.5,Pass
STU0352,Margaret Martinez,Female,18,Business Administration,70.0,3.1,5.9,2.3,67.3,Medium,Bachelor's Degree,47.0,Fail
STU0353,Karen Davis,Female,22,Information Technology,80.0,5.6,8.1,3.6,72.6,High,PhD,60.5,Pass
STU0354,Donald Taylor,Male,21,Business Administration,76.2,6.8,7.4,3.6,82.1,Low,Bachelor's Degree,66.7,Pass
STU0355,William Brown,Male,22,Business Administration,78.2,4.8,6.9,2.0,78.8,Low,Bachelor's Degree,58.8,Pass
STU0356,Emily Jackson,Female,20,Mechanical Engineering,87.2,5.2,4.7,1.6,84.2,Medium,Bachelor's Degree,67.4,Pass
STU0357,Michael Miller,Male,20,Computer Science,91.6,3.8,8.8,1.9,80.4,High,Bachelor's Degree,62.2,Pass
STU0358,Karen Moore,Female,22,Computer Science,96.5,5.1,6.6,3.2,87.2,Medium,Bachelor's Degree,59.5,Pass
STU0359,Donna Brown,Female,20,Mechanical Engineering,82.6,5.5,7.8,6.7,96.2,Medium,Bachelor's Degree,63.7,Pass
STU0360,Karen Smith,Female,21,Mechanical Engineering,85.5,3.7,6.9,5.1,87.6,High,Bachelor's Degree,51.7,Pass
STU0361,Paul Jones,Male,19,Mechanical Engineering,83.9,2.6,6.7,3.8,81.3,High,Bachelor's Degree,57.2,Pass
STU0362,Margaret Taylor,Female,20,Computer Science,65.3,7.8,7.2,4.3,73.1,Medium,High School,67.6,Pass
STU0363,Robert Lopez,Male,20,Business Administration,78.3,6.3,7.0,5.0,77.1,Medium,High School,45.9,Fail
STU0364,Patricia Smith,Female,22,Mechanical Engineering,78.3,3.8,6.7,4.5,89.7,Medium,High School,58.5,Pass
STU0365,Kimberly Thomas,Female,21,Information Technology,76.9,5.5,6.9,3.0,78.5,High,Master's Degree,67.4,Pass
STU0366,William Anderson,Male,19,Mechanical Engineering,81.6,1.7,7.5,2.2,69.6,Medium,Associate's Degree,39.2,Fail
STU0367,Jennifer Miller,Female,22,Electrical Engineering,79.8,1.0,7.6,3.3,99.2,High,High School,53.6,Pass
STU0368,Lisa Martinez,Female,22,Mechanical Engineering,72.1,7.4,7.1,5.0,99.9,Low,High School,60.2,Pass
STU0369,Thomas Wilson,Male,21,Computer Science,80.5,5.5,7.7,3.1,82.4,Medium,Bachelor's Degree,65.4,Pass
STU0370,Matthew Johnson,Male,19,Mechanical Engineering,75.6,4.9,6.5,1.8,71.4,Medium,High School,51.0,Pass
STU0371,Robert Miller,Male,21,Electrical Engineering,55.8,5.5,9.7,1.0,87.2,Medium,Bachelor's Degree,56.4,Pass
STU0372,Paul Williams,Male,19,Information Technology,68.0,10.0,8.8,3.3,82.3,Low,High School,61.3,Pass
STU0373,Charles Miller,Male,21,Business Administration,82.9,6.9,7.9,2.0,94.6,Medium,Master's Degree,71.1,Pass
STU0374,Sarah Taylor,Female,22,Mechanical Engineering,92.9,2.7,4.7,2.8,77.3,Medium,PhD,54.8,Pass
STU0375,Christopher Miller,Male,22,Electrical Engineering,57.7,1.3,7.7,5.7,91.7,Medium,PhD,46.2,Fail
STU0376,Anthony Jackson,Male,18,Electrical Engineering,73.3,7.3,6.6,3.4,79.6,Low,Associate's Degree,60.5,Pass
STU0377,Linda Garcia,Female,20,Information Technology,86.3,6.9,5.8,2.4,100.0,Medium,Bachelor's Degree,74.5,Pass
STU0378,Charles Miller,Male,21,Computer Science,90.8,6.3,6.6,4.0,88.1,Low,Bachelor's Degree,64.2,Pass
STU0379,Betty Wilson,Female,18,Mechanical Engineering,77.8,3.2,6.0,6.4,94.4,Low,Associate's Degree,54.5,Pass
STU0380,Michael Davis,Male,20,Electrical Engineering,75.2,5.8,7.6,3.3,77.8,Medium,Associate's Degree,58.5,Pass
STU0381,William Smith,Male,21,Information Technology,94.2,3.4,8.9,1.0,70.1,High,High School,50.9,Pass
STU0382,Linda Williams,Female,19,Business Administration,90.0,6.5,8.0,4.5,63.2,Medium,Bachelor's Degree,57.7,Pass
STU0383,Sarah Davis,Female,20,Electrical Engineering,90.6,7.2,10.0,4.0,100.0,Medium,High School,72.8,Pass
STU0384,Mary Garcia,Female,22,Information Technology,77.3,3.8,5.1,3.6,81.8,Medium,Bachelor's Degree,46.9,Fail
STU0385,Sarah Miller,Female,18,Computer Science,93.1,7.5,6.4,3.2,75.5,Medium,Bachelor's Degree,74.9,Pass
STU0386,Linda Gonzalez,Female,20,Computer Science,62.5,5.3,5.9,2.3,93.9,Medium,Bachelor's Degree,56.7,Pass
STU0387,Steven Johnson,Male,20,Electrical Engineering,93.3,6.1,8.5,5.8,97.9,High,Master's Degree,89.0,Pass
STU0388,William Lopez,Male,22,Electrical Engineering,81.3,2.1,6.7,1.0,93.5,High,Bachelor's Degree,54.6,Pass
STU0389,Jessica Garcia,Female,21,Mechanical Engineering,83.3,5.5,7.2,3.0,70.7,Medium,Bachelor's Degree,65.9,Pass
STU0390,Jessica Moore,Female,19,Information Technology,72.5,3.5,7.8,3.0,92.5,Medium,Bachelor's Degree,60.1,Pass
STU0391,Jennifer Lopez,Female,22,Electrical Engineering,63.9,6.0,5.3,4.8,85.6,Medium,High School,49.5,Fail
STU0392,Robert Garcia,Male,19,Mechanical Engineering,83.1,8.2,6.3,5.4,100.0,Medium,Associate's Degree,76.4,Pass
STU0393,John Lopez,Male,21,Mechanical Engineering,87.5,5.6,8.2,3.2,90.3,Low,PhD,70.1,Pass
STU0394,Patricia Garcia,Female,20,Electrical Engineering,89.0,3.0,6.3,3.8,83.7,Low,PhD,53.5,Pass
STU0395,Steven Williams,Male,19,Computer Science,87.9,6.4,4.9,3.9,98.5,Medium,Bachelor's Degree,69.5,Pass
STU0396,Patricia Martin,Female,18,Information Technology,85.7,5.9,5.9,5.1,93.5,High,High School,70.1,Pass
STU0397,Jessica Lopez,Female,18,Information Technology,72.8,9.5,6.7,5.0,98.1,Low,High School,73.8,Pass
STU0398,Michael Jones,Male,22,Computer Science,89.7,5.6,7.2,2.7,80.3,Low,Associate's Degree,57.9,Pass
STU0399,Betty Anderson,Female,21,Electrical Engineering,71.6,3.7,6.9,4.2,78.5,Medium,Master's Degree,51.3,Pass
STU0400,Ashley Martinez,Female,22,Information Technology,93.1,6.7,6.3,4.1,69.7,High,Bachelor's Degree,65.6,Pass
STU0401,Donald Lopez,Male,22,Electrical Engineering,81.2,4.7,8.1,3.3,77.2,Low,Master's Degree,62.2,Pass
STU0402,Kimberly Thomas,Female,22,Electrical Engineering,81.5,5.2,6.8,4.1,91.4,Low,Bachelor's Degree,57.0,Pass
STU0403,Nancy Davis,Female,18,Mechanical Engineering,90.7,3.0,7.3,3.5,87.8,Medium,High School,56.6,Pass
STU0404,Michelle Williams,Female,18,Computer Science,92.0,4.7,6.3,3.7,74.6,Medium,High School,45.9,Fail
STU0405,Donald Gonzalez,Male,22,Electrical Engineering,89.7,5.1,8.8,1.5,97.4,Low,High School,63.3,Pass
STU0406,Donna Davis,Female,18,Business Administration,73.8,4.7,6.5,2.1,100.0,Low,Bachelor's Degree,64.1,Pass
STU0407,William Martin,Male,21,Computer Science,89.6,3.7,7.1,4.7,73.9,Medium,High School,61.0,Pass
STU0408,Joseph Lopez,Male,22,Information Technology,73.9,5.6,8.2,1.7,80.7,Medium,Bachelor's Degree,65.3,Pass
STU0409,Mary Martin,Female,18,Mechanical Engineering,89.9,3.0,7.3,4.2,75.9,High,Bachelor's Degree,54.9,Pass
STU0410,David Moore,Male,19,Information Technology,67.7,2.5,7.3,3.4,77.2,Medium,Associate's Degree,37.8,Fail
STU0411,Joseph Miller,Male,22,Information Technology,81.1,6.6,4.6,5.0,87.8,Low,High School,56.9,Pass
STU0412,Mary Thomas,Female,22,Computer Science,73.8,6.4,7.8,4.5,76.8,Medium,High School,56.1,Pass
STU0413,Nancy Garcia,Female,21,Information Technology,90.7,2.1,7.1,2.8,78.4,Medium,Bachelor's Degree,53.7,Pass
STU0414,Michelle Johnson,Female,20,Electrical Engineering,93.2,1.0,7.6,3.2,81.1,Low,Bachelor's Degree,43.7,Fail
STU0415,Sandra Brown,Female,20,Information Technology,84.0,2.8,7.2,1.0,85.7,High,Associate's Degree,56.7,Pass
STU0416,James Moore,Male,21,Mechanical Engineering,83.7,4.7,6.3,3.3,97.9,High,Master's Degree,60.5,Pass
STU0417,Matthew Johnson,Male,21,Mechanical Engineering,89.0,7.5,8.1,1.6,87.2,Low,Bachelor's Degree,65.5,Pass
STU0418,Thomas Johnson,Male,21,Business Administration,93.2,4.7,7.2,3.2,79.0,Low,Bachelor's Degree,53.1,Pass
STU0419,Sarah Smith,Female,20,Mechanical Engineering,82.4,3.3,5.5,2.5,88.3,Low,Bachelor's Degree,55.2,Pass
STU0420,Lisa Williams,Female,21,Information Technology,77.0,5.3,8.6,2.2,86.9,Low,Master's Degree,56.2,Pass
STU0421,Michelle Brown,Female,18,Mechanical Engineering,88.5,4.7,5.3,5.3,82.0,Medium,Bachelor's Degree,63.0,Pass
STU0422,Emily Garcia,Female,22,Computer Science,63.4,2.0,8.1,1.6,81.8,Medium,Associate's Degree,40.1,Fail
STU0423,Robert Hernandez,Male,22,Mechanical Engineering,91.1,2.0,8.8,2.1,77.2,High,Associate's Degree,61.0,Pass
STU0424,Margaret Jones,Female,19,Electrical Engineering,74.9,2.0,5.7,2.5,73.3,Low,Bachelor's Degree,29.9,Fail
STU0425,Joshua Martinez,Male,19,Computer Science,79.6,10.0,6.9,2.8,69.9,Medium,Bachelor's Degree,75.6,Pass
STU0426,Nancy Anderson,Female,22,Business Administration,91.2,6.9,6.7,2.2,83.7,High,Bachelor's Degree,73.3,Pass
STU0427,Steven Martinez,Male,18,Electrical Engineering,77.8,3.7,6.8,3.0,63.5,Medium,Master's Degree,44.3,Fail
STU0428,Barbara Moore,Female,20,Information Technology,88.5,7.4,9.2,4.0,80.8,Low,Master's Degree,63.3,Pass
STU0429,Matthew Williams,Male,20,Information Technology,93.4,3.8,5.7,4.5,89.4,Low,Associate's Degree,51.9,Pass
STU0430,Charles Wilson,Male,18,Information Technology,83.1,7.4,6.6,4.4,71.3,Medium,High School,61.4,Pass
STU0431,David Williams,Male,20,Electrical Engineering,85.1,5.2,8.8,1.0,82.1,High,Associate's Degree,57.8,Pass
STU0432,Ashley Miller,Female,21,Electrical Engineering,80.8,3.6,6.6,4.1,82.1,High,Bachelor's Degree,59.4,Pass
STU0433,Michelle Wilson,Female,22,Electrical Engineering,83.2,6.5,5.9,4.2,82.9,High,Associate's Degree,65.1,Pass
STU0434,Thomas Anderson,Male,22,Computer Science,70.8,5.3,7.3,2.5,77.2,High,High School,61.4,Pass
STU0435,Robert Johnson,Male,18,Computer Science,79.1,5.9,8.0,6.0,87.2,Medium,High School,55.4,Pass
STU0436,Patricia Williams,Female,20,Information Technology,69.1,5.5,6.5,5.1,86.6,High,Associate's Degree,57.7,Pass
STU0437,Paul Wilson,Male,19,Mechanical Engineering,73.0,5.5,7.7,3.2,82.6,High,High School,67.5,Pass
STU0438,Michelle Moore,Female,19,Information Technology,62.0,6.8,5.3,2.6,78.2,Medium,High School,48.3,Fail
STU0439,Karen Johnson,Female,20,Business Administration,84.6,10.0,5.4,6.0,98.3,Low,Bachelor's Degree,69.3,Pass
STU0440,James Brown,Male,19,Computer Science,98.9,7.7,6.5,3.5,76.0,Medium,High School,63.9,Pass
STU0441,Anthony Smith,Male,18,Electrical Engineering,77.4,5.5,7.7,3.6,90.1,Low,High School,49.0,Fail
STU0442,Sandra Thomas,Female,18,Computer Science,91.7,4.3,7.9,3.6,88.1,Low,Master's Degree,70.4,Pass
STU0443,Anthony Martin,Male,20,Electrical Engineering,93.3,4.6,5.6,7.0,86.5,High,Master's Degree,62.0,Pass
STU0444,Robert Williams,Male,19,Business Administration,70.0,2.2,7.9,3.2,78.0,High,Associate's Degree,46.5,Fail
STU0445,Sarah Garcia,Female,18,Business Administration,72.2,6.5,7.2,3.5,64.7,Low,High School,54.7,Pass
STU0446,Betty Johnson,Female,18,Computer Science,91.9,2.8,5.9,2.3,96.0,Medium,Bachelor's Degree,54.6,Pass
STU0447,Jessica Johnson,Female,21,Electrical Engineering,81.1,4.2,5.4,2.9,90.6,High,Associate's Degree,56.9,Pass
STU0448,Linda Anderson,Female,21,Business Administration,69.1,6.5,7.3,2.0,73.6,Medium,High School,53.5,Pass
STU0449,Michael Gonzalez,Male,18,Information Technology,75.6,4.5,8.5,2.3,89.3,Medium,High School,46.5,Fail
STU0450,Daniel Gonzalez,Male,20,Information Technology,86.2,3.9,7.0,1.0,84.5,Medium,High School,56.3,Pass
STU0451,Sandra Martin,Female,22,Electrical Engineering,74.1,2.4,5.9,4.8,73.2,High,Bachelor's Degree,51.3,Pass
STU0452,Emily Garcia,Female,22,Computer Science,54.3,7.7,4.8,3.7,94.3,High,Master's Degree,67.3,Pass
STU0453,Christopher Johnson,Male,18,Business Administration,78.8,3.2,8.8,3.9,76.4,Medium,Bachelor's Degree,54.0,Pass
STU0454,Donna Jackson,Female,18,Computer Science,79.6,3.7,8.3,3.4,94.9,Low,Bachelor's Degree,50.9,Pass
STU0455,William Jackson,Male,18,Information Technology,82.1,1.1,7.4,3.6,84.0,High,Associate's Degree,46.0,Fail
STU0456,Patricia Martinez,Female,20,Business Administration,94.6,5.0,8.8,5.9,94.8,Low,Bachelor's Degree,55.7,Pass
STU0457,John Hernandez,Male,21,Computer Science,82.5,4.3,7.3,2.3,88.3,Medium,Associate's Degree,61.8,Pass
STU0458,Paul Anderson,Male,18,Mechanical Engineering,84.4,5.4,6.4,3.9,89.5,Low,High School,55.0,Pass
STU0459,Thomas Jackson,Male,18,Electrical Engineering,92.6,2.4,7.7,3.9,83.9,Medium,Bachelor's Degree,53.7,Pass
STU0460,Thomas Williams,Male,19,Electrical Engineering,82.1,6.6,6.0,5.2,78.0,Medium,Master's Degree,66.9,Pass
STU0461,Thomas Wilson,Male,20,Mechanical Engineering,100.0,1.0,5.8,4.2,81.8,Low,Associate's Degree,40.4,Fail
STU0462,Donna Miller,Female,18,Information Technology,69.4,4.8,7.9,4.2,90.3,High,Master's Degree,70.1,Pass
STU0463,Ashley Thomas,Female,19,Business Administration,72.7,5.3,8.0,1.6,89.5,Low,Associate's Degree,59.2,Pass
STU0464,Mary Brown,Female,22,Electrical Engineering,88.1,5.1,5.5,2.3,89.3,High,Associate's Degree,61.1,Pass
STU0465,Linda Miller,Female,18,Mechanical Engineering,94.5,5.3,5.5,1.7,64.6,High,High School,47.2,Fail
STU0466,Joseph Taylor,Male,18,Mechanical Engineering,80.0,6.7,6.5,1.0,82.9,Medium,Bachelor's Degree,69.8,Pass
STU0467,William Miller,Male,19,Information Technology,71.9,7.9,6.1,4.1,82.1,Medium,Master's Degree,69.2,Pass
STU0468,Michelle Martin,Female,20,Information Technology,99.6,4.7,7.6,3.1,74.5,Low,Bachelor's Degree,61.3,Pass
STU0469,Michael Garcia,Male,18,Computer Science,74.1,2.9,7.1,4.1,88.6,Medium,High School,51.4,Pass
STU0470,Susan Moore,Female,22,Electrical Engineering,85.4,6.2,8.4,3.6,65.0,Medium,High School,52.1,Pass
STU0471,William Martin,Male,18,Computer Science,95.1,4.4,7.4,3.9,92.9,Medium,Bachelor's Degree,65.7,Pass
STU0472,Jennifer Miller,Female,22,Mechanical Engineering,77.6,7.8,6.2,5.5,99.3,Medium,Associate's Degree,68.2,Pass
STU0473,Anthony Miller,Male,21,Business Administration,75.8,3.7,4.7,3.5,78.7,Medium,Associate's Degree,51.9,Pass
STU0474,Elizabeth Jones,Female,21,Business Administration,76.5,3.1,7.2,4.5,79.5,High,PhD,57.4,Pass
STU0475,Patricia Garcia,Female,22,Information Technology,91.0,5.3,4.9,3.0,94.7,Low,Bachelor's Degree,57.3,Pass
STU0476,Margaret Martinez,Female,20,Business Administration,92.6,1.2,6.2,4.7,72.7,Medium,Associate's Degree,48.8,Fail
STU0477,Richard Jones,Male,18,Business Administration,82.3,4.0,6.1,1.6,88.8,Low,High School,57.4,Pass
STU0478,Mary Gonzalez,Female,18,Business Administration,100.0,4.3,6.4,1.0,76.0,High,High School,60.6,Pass
STU0479,Emily Gonzalez,Female,21,Mechanical Engineering,82.3,5.5,5.4,6.7,71.8,Low,Bachelor's Degree,49.7,Fail
STU0480,Emily Jones,Female,22,Business Administration,94.9,2.8,6.1,6.3,85.6,Medium,Master's Degree,53.9,Pass
STU0481,Betty Brown,Female,18,Business Administration,77.7,3.1,8.4,1.0,80.1,Low,Bachelor's Degree,49.3,Fail
STU0482,Kimberly Williams,Female,18,Business Administration,100.0,7.5,8.4,3.4,71.8,Medium,Associate's Degree,63.1,Pass
STU0483,Steven Hernandez,Male,20,Computer Science,97.7,5.0,8.8,3.7,99.8,High,High School,70.2,Pass
STU0484,Michelle Brown,Female,19,Mechanical Engineering,80.7,6.9,7.0,4.6,81.2,Medium,PhD,78.5,Pass
STU0485,Patricia Martin,Female,21,Information Technology,96.3,3.8,7.3,6.1,89.1,Medium,PhD,68.8,Pass
STU0486,Ashley Moore,Female,21,Computer Science,95.8,4.9,8.4,1.9,100.0,Medium,Bachelor's Degree,64.4,Pass
STU0487,Joseph Williams,Male,19,Electrical Engineering,97.5,5.5,5.2,2.0,88.7,High,High School,66.2,Pass
STU0488,Thomas Martin,Male,18,Mechanical Engineering,57.2,8.8,8.0,3.5,96.9,Medium,Bachelor's Degree,74.0,Pass
STU0489,Barbara Martinez,Female,20,Mechanical Engineering,89.2,4.5,8.6,2.1,75.1,High,Master's Degree,64.8,Pass
STU0490,Karen Gonzalez,Female,20,Electrical Engineering,87.4,4.6,5.9,1.0,97.8,Medium,Bachelor's Degree,60.6,Pass
STU0491,Steven Rodriguez,Male,21,Electrical Engineering,86.7,7.4,8.7,3.2,78.6,Medium,Bachelor's Degree,67.5,Pass
STU0492,Kimberly Rodriguez,Female,20,Electrical Engineering,84.2,4.2,9.5,4.8,77.0,Low,High School,49.7,Fail
STU0493,Thomas Smith,Male,19,Information Technology,84.5,5.6,7.9,3.5,69.8,Medium,High School,50.1,Pass
STU0494,John Thomas,Male,18,Business Administration,94.8,7.2,7.1,4.4,90.5,Low,High School,65.6,Pass
STU0495,James Martinez,Male,19,Mechanical Engineering,87.4,3.7,5.7,4.2,88.9,High,Master's Degree,59.9,Pass
STU0496,Paul Davis,Male,22,Business Administration,84.2,5.7,8.3,2.0,92.1,Medium,Bachelor's Degree,72.2,Pass
STU0497,Lisa Johnson,Female,21,Business Administration,93.4,8.8,5.8,3.6,75.3,High,Bachelor's Degree,80.2,Pass
STU0498,Joseph Davis,Male,20,Electrical Engineering,86.2,7.0,7.4,1.2,90.1,Low,High School,57.2,Pass
STU0499,Kimberly Anderson,Female,22,Information Technology,87.1,5.6,7.6,2.7,88.9,Low,Master's Degree,71.9,Pass
STU0500,Kimberly Gonzalez,Female,20,Computer Science,100.0,4.5,4.0,3.6,91.5,High,Master's Degree,70.1,Pass
STU0501,Donna Jones,Female,18,Information Technology,77.7,3.7,7.5,3.5,73.4,Medium,High School,54.9,Pass
STU0502,Nancy Smith,Female,18,Business Administration,66.8,2.8,10.0,1.6,53.3,Medium,Master's Degree,34.5,Fail
STU0503,William Davis,Male,18,Information Technology,82.7,8.3,4.5,1.9,94.4,High,Associate's Degree,71.2,Pass
STU0504,Betty Davis,Female,20,Electrical Engineering,84.1,7.9,6.9,3.9,85.6,Medium,High School,60.3,Pass
STU0505,Lisa Smith,Female,22,Computer Science,89.2,3.6,4.7,4.7,85.5,Low,Associate's Degree,37.0,Fail
STU0506,Matthew Jackson,Male,18,Electrical Engineering,83.1,5.7,5.9,3.2,83.4,High,Master's Degree,64.5,Pass
STU0507,Jennifer Taylor,Female,22,Computer Science,89.6,5.2,4.7,3.1,87.0,Low,Master's Degree,58.9,Pass
STU0508,Elizabeth Martin,Female,20,Business Administration,100.0,7.6,7.2,4.9,96.5,High,Associate's Degree,81.1,Pass
STU0509,Jessica Wilson,Female,22,Computer Science,90.0,5.8,8.0,2.3,66.9,Low,Bachelor's Degree,61.9,Pass
STU0510,Linda Hernandez,Female,20,Computer Science,91.8,4.9,7.5,6.1,96.1,Medium,Bachelor's Degree,83.0,Pass
STU0511,Michelle Anderson,Female,20,Computer Science,80.7,3.8,5.9,1.5,79.8,Low,Master's Degree,50.7,Pass
STU0512,Andrew Miller,Male,21,Information Technology,68.1,5.7,6.3,5.1,98.3,Medium,Associate's Degree,55.6,Pass
STU0513,Donna Jackson,Female,20,Information Technology,59.0,4.2,7.3,4.3,74.3,Low,Bachelor's Degree,49.5,Fail
STU0514,Lisa Jones,Female,20,Business Administration,76.8,5.5,5.9,7.1,76.3,High,Bachelor's Degree,58.7,Pass
STU0515,William Davis,Male,19,Computer Science,56.2,4.8,5.4,1.8,77.7,Medium,High School,42.0,Fail
STU0516,Charles Garcia,Male,18,Mechanical Engineering,87.1,4.2,6.7,1.0,88.1,Low,Associate's Degree,61.4,Pass
STU0517,Mark Thomas,Male,21,Business Administration,78.2,2.9,7.1,5.4,77.5,Medium,Bachelor's Degree,43.1,Fail
STU0518,Kimberly Davis,Female,21,Computer Science,68.9,6.1,7.5,1.3,88.4,Medium,Associate's Degree,63.2,Pass
STU0519,Jessica Rodriguez,Female,21,Computer Science,83.3,5.1,8.6,4.4,79.7,Low,PhD,59.3,Pass
STU0520,John Anderson,Male,19,Information Technology,74.6,8.9,10.0,5.3,87.2,Low,High School,56.7,Pass
STU0521,Emily Williams,Female,20,Business Administration,86.5,2.7,7.4,4.1,100.0,Medium,PhD,56.2,Pass
STU0522,Steven Brown,Male,18,Computer Science,89.1,6.4,7.8,3.8,89.6,Low,High School,64.5,Pass
STU0523,Linda Wilson,Female,22,Computer Science,75.0,4.8,6.3,4.1,86.4,Low,High School,57.6,Pass
STU0524,Sarah Rodriguez,Female,20,Business Administration,79.6,9.6,6.4,4.8,73.7,Low,Associate's Degree,70.9,Pass
STU0525,Emily Martinez,Female,19,Mechanical Engineering,84.1,6.2,8.5,4.4,98.6,Medium,Bachelor's Degree,74.7,Pass
STU0526,Michael Lopez,Male,20,Business Administration,67.9,5.7,6.7,1.7,92.7,Medium,Bachelor's Degree,59.5,Pass
STU0527,Joseph Johnson,Male,20,Business Administration,84.1,4.8,7.1,6.2,76.2,Low,High School,51.5,Pass
STU0528,Matthew Thomas,Male,19,Mechanical Engineering,67.7,3.5,8.5,3.6,89.8,High,High School,45.2,Fail
STU0529,John Hernandez,Male,21,Business Administration,87.7,5.7,6.7,4.3,88.3,High,Bachelor's Degree,69.5,Pass
STU0530,Karen Anderson,Female,21,Computer Science,77.6,2.0,8.8,4.6,79.5,Low,Bachelor's Degree,49.6,Fail
STU0531,Kimberly Davis,Female,18,Business Administration,67.6,2.1,7.7,5.2,90.6,Low,Bachelor's Degree,54.0,Pass
STU0532,Emily Rodriguez,Female,18,Mechanical Engineering,76.2,7.2,7.5,5.1,79.9,High,High School,75.8,Pass
STU0533,Jessica Wilson,Female,21,Electrical Engineering,76.6,1.1,6.2,3.7,70.6,Medium,Bachelor's Degree,44.6,Fail
STU0534,Emily Martin,Female,22,Business Administration,92.7,4.3,7.6,3.6,86.1,Medium,Bachelor's Degree,65.7,Pass
STU0535,Michelle Lopez,Female,20,Information Technology,83.7,2.7,6.5,4.1,86.1,Medium,PhD,61.3,Pass
STU0536,Donna Wilson,Female,22,Computer Science,72.4,4.1,7.6,5.2,90.4,Medium,Bachelor's Degree,61.6,Pass
STU0537,Kimberly Williams,Female,20,Computer Science,98.5,5.4,6.9,1.8,84.7,Low,High School,56.7,Pass
STU0538,Richard Taylor,Male,21,Information Technology,88.3,7.2,8.2,4.5,78.4,Medium,High School,56.1,Pass
STU0539,Daniel Rodriguez,Male,18,Information Technology,78.6,7.7,7.0,2.2,100.0,Medium,Bachelor's Degree,80.7,Pass
STU0540,Mark Moore,Male,18,Business Administration,66.5,3.0,9.4,6.3,67.7,Medium,Bachelor's Degree,50.4,Pass
STU0541,Betty Davis,Female,22,Information Technology,77.8,4.0,6.7,4.1,82.0,High,Master's Degree,64.7,Pass
STU0542,Sandra Davis,Female,18,Electrical Engineering,79.8,10.0,6.4,2.9,96.8,Low,Bachelor's Degree,69.2,Pass
STU0543,Anthony Miller,Male,21,Mechanical Engineering,85.7,4.4,7.4,4.1,94.6,Medium,Bachelor's Degree,62.0,Pass
STU0544,Nancy Hernandez,Female,22,Information Technology,88.1,3.1,8.3,3.5,76.3,Medium,Associate's Degree,49.8,Fail
STU0545,Lisa Gonzalez,Female,20,Information Technology,90.1,3.4,8.3,3.3,63.8,Medium,Associate's Degree,38.8,Fail
STU0546,Paul Johnson,Male,18,Electrical Engineering,65.9,4.5,7.2,1.0,74.4,Low,High School,40.1,Fail
STU0547,Mark Martin,Male,19,Computer Science,84.1,4.1,7.4,2.0,91.1,Medium,High School,58.8,Pass
STU0548,Emily Anderson,Female,18,Computer Science,80.4,4.5,7.4,3.3,88.8,Medium,Bachelor's Degree,60.3,Pass
STU0549,Donna Lopez,Female,20,Business Administration,100.0,5.0,5.7,1.0,92.7,Low,High School,55.0,Pass
STU0550,Betty Hernandez,Female,22,Electrical Engineering,82.6,4.9,8.2,2.6,90.4,Low,High School,49.3,Fail
STU0551,Elizabeth Smith,Female,20,Mechanical Engineering,75.8,2.9,5.5,2.8,93.3,Medium,High School,54.3,Pass
STU0552,Jennifer Jackson,Female,19,Mechanical Engineering,83.1,5.8,5.7,2.3,76.7,Low,High School,50.4,Pass
STU0553,Susan Lopez,Female,21,Electrical Engineering,81.9,5.3,7.1,4.7,71.7,Medium,High School,52.6,Pass
STU0554,Margaret Jones,Female,18,Mechanical Engineering,62.1,6.1,6.6,2.2,85.3,Low,Bachelor's Degree,54.6,Pass
STU0555,Margaret Davis,Female,22,Computer Science,86.1,1.2,8.0,3.6,68.9,Low,Associate's Degree,34.9,Fail
STU0556,Charles Thomas,Male,21,Mechanical Engineering,78.9,5.3,7.5,3.0,70.6,Medium,Bachelor's Degree,65.0,Pass
STU0557,Joseph Smith,Male,20,Mechanical Engineering,81.7,1.0,7.2,3.3,90.7,Low,Bachelor's Degree,42.9,Fail
STU0558,Daniel Jones,Male,22,Electrical Engineering,73.3,4.6,5.6,5.9,84.0,Medium,PhD,58.0,Pass
STU0559,Jennifer Smith,Female,21,Electrical Engineering,71.1,6.4,7.0,3.8,83.6,Medium,High School,59.3,Pass
STU0560,Linda Davis,Female,22,Mechanical Engineering,90.8,7.3,6.9,4.1,87.9,High,Associate's Degree,63.7,Pass
STU0561,Jennifer Martinez,Female,19,Information Technology,93.1,5.7,7.3,2.4,84.7,High,High School,68.4,Pass
STU0562,John Hernandez,Male,19,Electrical Engineering,86.2,6.5,6.5,4.4,97.9,Medium,Bachelor's Degree,63.1,Pass
STU0563,Charles Wilson,Male,18,Business Administration,63.9,4.3,7.6,4.4,64.6,Medium,Master's Degree,53.4,Pass
STU0564,Richard Johnson,Male,18,Business Administration,86.8,3.9,6.6,4.2,67.1,Low,Bachelor's Degree,42.6,Fail
STU0565,Thomas Thomas,Male,19,Computer Science,64.0,10.0,7.5,1.7,77.2,Medium,Bachelor's Degree,76.8,Pass
STU0566,Betty Rodriguez,Female,22,Mechanical Engineering,75.4,6.8,8.0,2.6,87.4,Medium,Associate's Degree,63.5,Pass
STU0567,Joshua Brown,Male,19,Information Technology,90.7,2.4,6.4,5.7,99.5,Low,Bachelor's Degree,50.9,Pass
STU0568,Charles Lopez,Male,18,Computer Science,88.6,1.2,6.1,2.5,88.4,Low,High School,43.6,Fail
STU0569,Kimberly Wilson,Female,19,Mechanical Engineering,86.6,4.0,7.6,5.9,88.7,Low,Bachelor's Degree,50.1,Pass
STU0570,Anthony Johnson,Male,19,Electrical Engineering,95.1,7.6,5.4,2.7,87.6,Medium,Bachelor's Degree,71.1,Pass
STU0571,Michelle Hernandez,Female,22,Business Administration,87.6,5.1,8.3,3.7,70.9,Medium,Associate's Degree,59.6,Pass
STU0572,Ashley Jackson,Female,21,Information Technology,61.8,1.0,7.0,3.2,80.6,Medium,High School,42.5,Fail
STU0573,David Jackson,Male,18,Business Administration,78.3,4.6,6.9,2.2,100.0,Medium,Master's Degree,64.8,Pass
STU0574,Elizabeth Brown,Female,22,Electrical Engineering,81.6,5.0,7.7,2.3,80.8,Medium,High School,55.9,Pass
STU0575,Margaret Brown,Female,19,Mechanical Engineering,80.4,1.0,7.6,2.4,72.7,Medium,High School,33.1,Fail
STU0576,Michelle Martinez,Female,19,Electrical Engineering,75.8,5.1,7.0,3.7,80.1,Low,Associate's Degree,50.0,Pass
STU0577,Robert Jones,Male,21,Electrical Engineering,71.7,2.8,8.1,4.8,85.1,Medium,Associate's Degree,40.8,Fail
STU0578,Barbara Davis,Female,18,Business Administration,100.0,1.0,6.2,3.6,82.3,Medium,Bachelor's Degree,51.5,Pass
STU0579,Susan Martinez,Female,18,Information Technology,78.1,8.5,7.9,3.4,96.0,Medium,Bachelor's Degree,81.4,Pass
STU0580,David Wilson,Male,20,Electrical Engineering,100.0,2.7,5.7,5.3,82.9,Medium,Bachelor's Degree,51.0,Pass
STU0581,Michael Gonzalez,Male,18,Business Administration,70.6,3.5,7.6,3.6,77.4,Medium,Associate's Degree,44.6,Fail
STU0582,Michelle Taylor,Female,21,Information Technology,88.6,3.5,6.6,2.7,84.8,Low,Bachelor's Degree,56.0,Pass
STU0583,Susan Brown,Female,20,Mechanical Engineering,84.3,5.0,5.4,2.0,78.2,Medium,Master's Degree,54.4,Pass
STU0584,Anthony Williams,Male,20,Mechanical Engineering,72.8,8.9,7.3,5.4,100.0,High,Associate's Degree,82.5,Pass
STU0585,Elizabeth Thomas,Female,19,Computer Science,77.3,2.4,7.0,3.0,87.7,Medium,Associate's Degree,60.3,Pass
STU0586,Joshua Brown,Male,19,Business Administration,81.8,4.3,5.1,2.6,71.4,Low,Master's Degree,44.8,Fail
STU0587,John Moore,Male,18,Information Technology,73.6,5.3,4.5,2.5,74.9,Low,High School,40.7,Fail
STU0588,Andrew Jackson,Male,20,Electrical Engineering,79.4,3.1,6.8,5.3,86.3,High,Associate's Degree,47.2,Fail
STU0589,Steven Wilson,Male,19,Mechanical Engineering,58.4,4.3,8.9,2.6,80.8,Low,High School,43.9,Fail
STU0590,Andrew Gonzalez,Male,21,Information Technology,89.1,6.3,7.4,5.0,89.0,Low,High School,63.1,Pass
STU0591,Daniel Garcia,Male,19,Business Administration,94.3,3.3,6.2,3.2,81.2,Medium,High School,50.3,Pass
STU0592,Linda Jackson,Female,19,Computer Science,86.5,4.3,8.3,1.7,87.7,High,Associate's Degree,62.6,Pass
STU0593,Donald Gonzalez,Male,20,Mechanical Engineering,100.0,4.1,8.1,3.0,83.2,Medium,Bachelor's Degree,57.3,Pass
STU0594,Michael Taylor,Male,20,Information Technology,88.8,4.8,8.5,3.5,89.7,Medium,Associate's Degree,52.8,Pass
STU0595,Mary Moore,Female,22,Information Technology,93.4,5.5,7.8,3.3,93.3,Medium,Master's Degree,68.1,Pass
STU0596,Joshua Taylor,Male,21,Information Technology,94.4,6.3,8.1,3.3,100.0,Low,Associate's Degree,59.9,Pass
STU0597,Margaret Hernandez,Female,20,Business Administration,54.5,9.3,7.9,3.0,79.2,High,PhD,71.0,Pass
STU0598,Matthew Smith,Male,18,Business Administration,86.2,1.0,6.4,2.3,79.0,Medium,PhD,51.3,Pass
STU0599,Steven Garcia,Male,21,Business Administration,68.2,4.6,5.0,3.5,68.6,Medium,Bachelor's Degree,46.5,Fail
STU0600,Michael Martin,Male,21,Electrical Engineering,70.2,2.0,6.4,4.3,96.2,High,Master's Degree,46.5,Fail
STU0601,Donald Anderson,Male,20,Information Technology,71.9,4.2,8.3,1.3,61.1,High,Bachelor's Degree,56.7,Pass
STU0602,Mark Garcia,Male,21,Mechanical Engineering,78.9,6.9,6.5,5.4,100.0,Medium,Master's Degree,71.7,Pass
STU0603,Mark Wilson,Male,20,Business Administration,88.5,7.6,6.8,1.0,88.3,Low,High School,60.9,Pass
STU0604,Christopher Miller,Male,19,Business Administration,86.3,7.7,5.6,3.6,91.4,High,Associate's Degree,70.1,Pass
STU0605,Thomas Thomas,Male,22,Information Technology,81.9,7.7,6.3,4.2,84.9,Medium,Bachelor's Degree,66.1,Pass
STU0606,William Martin,Male,19,Business Administration,89.2,4.6,7.0,2.6,84.2,High,Associate's Degree,59.0,Pass
STU0607,Charles Moore,Male,20,Electrical Engineering,89.8,8.1,7.6,1.0,94.1,High,Master's Degree,89.0,Pass
STU0608,Robert Gonzalez,Male,20,Electrical Engineering,86.4,8.5,6.4,3.4,71.8,Low,Master's Degree,62.5,Pass
STU0609,Lisa Taylor,Female,19,Business Administration,64.8,5.3,6.4,3.8,74.6,High,Associate's Degree,55.1,Pass
STU0610,Betty Garcia,Female,18,Information Technology,74.6,7.6,8.0,1.8,76.9,Medium,Master's Degree,62.3,Pass
STU0611,Steven Gonzalez,Male,18,Information Technology,82.3,5.1,7.4,2.3,87.9,Medium,High School,60.6,Pass
STU0612,Donna Jackson,Female,18,Information Technology,89.3,8.1,7.5,4.9,88.2,Low,Associate's Degree,72.4,Pass
STU0613,Karen Williams,Female,20,Computer Science,68.7,4.6,8.8,3.7,87.0,High,Bachelor's Degree,60.0,Pass
STU0614,Anthony Jackson,Male,21,Business Administration,81.9,3.7,6.4,1.2,83.4,Medium,High School,52.7,Pass
STU0615,Elizabeth Jones,Female,20,Information Technology,66.3,2.5,6.9,4.2,88.5,Medium,Bachelor's Degree,48.5,Fail
STU0616,Michelle Taylor,Female,21,Electrical Engineering,92.3,4.6,7.7,2.1,77.0,High,Bachelor's Degree,59.3,Pass
STU0617,Charles Jones,Male,19,Mechanical Engineering,84.4,5.2,6.0,2.3,84.5,Medium,High School,51.7,Pass
STU0618,Michael Garcia,Male,22,Mechanical Engineering,68.5,2.9,7.3,3.8,89.8,Medium,Bachelor's Degree,54.8,Pass
STU0619,Linda Miller,Female,21,Information Technology,68.5,4.4,7.0,3.7,89.6,High,Bachelor's Degree,54.5,Pass
STU0620,Susan Moore,Female,18,Mechanical Engineering,85.9,3.8,10.0,2.9,67.6,Medium,Associate's Degree,38.3,Fail
STU0621,Robert Smith,Male,20,Mechanical Engineering,95.7,2.6,7.1,2.7,72.3,High,High School,59.1,Pass
STU0622,Michael Garcia,Male,19,Computer Science,71.0,7.3,8.4,3.1,83.6,High,Master's Degree,69.5,Pass
STU0623,Thomas Wilson,Male,18,Electrical Engineering,89.9,7.7,8.0,2.3,85.4,Medium,Master's Degree,79.1,Pass
STU0624,Nancy Martin,Female,19,Electrical Engineering,76.6,7.3,5.6,5.1,84.6,Medium,High School,64.4,Pass
STU0625,Linda Lopez,Female,22,Computer Science,90.2,4.8,5.1,1.1,92.3,Low,High School,55.4,Pass
STU0626,Charles Miller,Male,20,Computer Science,88.8,5.0,7.3,3.1,87.2,Medium,Master's Degree,65.3,Pass
STU0627,Robert Wilson,Male,20,Mechanical Engineering,83.6,2.7,8.5,1.3,84.3,Medium,Bachelor's Degree,51.9,Pass
STU0628,Karen Thomas,Female,22,Business Administration,63.7,5.9,7.3,4.9,88.3,Medium,High School,65.6,Pass
STU0629,Donald Martinez,Male,20,Mechanical Engineering,88.8,5.4,7.1,3.1,95.5,Medium,Bachelor's Degree,63.2,Pass
STU0630,Matthew Garcia,Male,21,Computer Science,87.0,10.0,6.7,1.9,59.5,Low,Bachelor's Degree,69.5,Pass
STU0631,Nancy Rodriguez,Female,19,Electrical Engineering,86.1,7.4,5.4,4.5,82.9,Low,Bachelor's Degree,66.3,Pass
STU0632,Betty Brown,Female,18,Mechanical Engineering,84.0,5.7,5.8,1.0,75.6,Low,High School,53.9,Pass
STU0633,Lisa Martin,Female,22,Business Administration,73.2,4.9,5.1,3.9,86.6,Medium,Bachelor's Degree,60.2,Pass
STU0634,Emily Hernandez,Female,21,Mechanical Engineering,92.8,7.2,5.7,5.2,82.9,Low,High School,58.4,Pass
STU0635,Michael Moore,Male,18,Information Technology,91.0,3.0,6.4,3.8,83.0,Low,PhD,59.0,Pass
STU0636,James Miller,Male,18,Mechanical Engineering,71.2,7.5,7.9,2.7,93.2,Low,Bachelor's Degree,59.3,Pass
STU0637,Barbara Anderson,Female,22,Computer Science,95.1,2.6,6.5,1.6,76.4,Medium,Bachelor's Degree,60.0,Pass
STU0638,Paul Hernandez,Male,21,Electrical Engineering,83.3,3.8,7.3,5.1,85.7,High,Bachelor's Degree,66.7,Pass
STU0639,Joshua Anderson,Male,18,Electrical Engineering,83.3,1.0,7.2,4.9,94.2,Low,Associate's Degree,44.6,Fail
STU0640,Donald Miller,Male,18,Computer Science,80.2,6.4,7.6,2.5,93.0,Medium,Master's Degree,74.7,Pass
STU0641,Charles Lopez,Male,21,Information Technology,81.2,5.5,5.8,2.6,67.9,Medium,High School,55.2,Pass
STU0642,Anthony Jones,Male,20,Computer Science,95.7,3.8,8.3,5.3,81.0,Low,Master's Degree,51.7,Pass
STU0643,Paul Jones,Male,18,Mechanical Engineering,92.3,3.0,5.3,4.3,86.0,Medium,High School,48.3,Fail
STU0644,Robert Jones,Male,19,Computer Science,92.1,8.0,6.5,1.0,93.9,Low,Associate's Degree,66.4,Pass
STU0645,Steven Jackson,Male,21,Computer Science,83.8,4.7,7.0,3.2,80.7,Medium,Bachelor's Degree,65.5,Pass
STU0646,Donna Lopez,Female,18,Information Technology,90.9,3.3,7.9,3.2,76.2,Low,Bachelor's Degree,56.5,Pass
STU0647,Sarah Smith,Female,22,Mechanical Engineering,73.7,9.2,8.7,3.9,87.8,High,Master's Degree,77.0,Pass
STU0648,Emily Brown,Female,19,Business Administration,87.8,3.6,7.9,3.5,71.6,Low,Bachelor's Degree,48.9,Fail
STU0649,Karen Miller,Female,18,Business Administration,80.5,7.5,8.7,2.7,97.1,Medium,Associate's Degree,70.3,Pass
STU0650,Mary Taylor,Female,19,Electrical Engineering,61.4,2.5,6.0,3.8,95.9,High,Master's Degree,49.5,Fail
STU0651,John Hernandez,Male,19,Computer Science,66.1,4.2,8.4,2.8,83.9,Low,High School,46.1,Fail
STU0652,Sarah Miller,Female,20,Electrical Engineering,75.4,6.1,8.2,8.0,81.3,Medium,Master's Degree,56.7,Pass
STU0653,Kimberly Taylor,Female,19,Information Technology,86.2,4.9,4.1,3.7,93.2,Medium,Bachelor's Degree,62.5,Pass
STU0654,Patricia Garcia,Female,20,Business Administration,75.4,5.5,6.7,3.5,90.6,Medium,Associate's Degree,66.7,Pass
STU0655,Anthony Garcia,Male,21,Computer Science,76.1,3.8,7.7,6.3,78.2,Low,High School,50.8,Pass
STU0656,John Smith,Male,20,Information Technology,89.6,1.5,6.4,1.5,79.8,Low,Associate's Degree,38.1,Fail
STU0657,Charles Jones,Male,22,Information Technology,76.4,8.2,5.7,3.3,80.2,Medium,Associate's Degree,63.7,Pass
STU0658,John Thomas,Male,18,Computer Science,95.3,3.9,9.5,2.1,85.6,Medium,High School,57.3,Pass
STU0659,Patricia Martinez,Female,21,Information Technology,93.7,5.6,7.1,4.5,88.8,Medium,High School,67.7,Pass
STU0660,Patricia Thomas,Female,21,Computer Science,82.2,6.5,7.2,2.8,77.3,Low,Associate's Degree,51.0,Pass
STU0661,Donald Jackson,Male,22,Computer Science,89.5,5.7,5.4,4.4,74.5,Medium,Bachelor's Degree,61.7,Pass
STU0662,Susan Lopez,Female,20,Mechanical Engineering,88.2,3.4,6.3,4.3,69.0,Medium,Master's Degree,45.7,Fail
STU0663,Margaret Davis,Female,18,Electrical Engineering,79.5,7.6,5.9,4.7,90.2,Medium,High School,63.9,Pass
STU0664,David Martinez,Male,20,Information Technology,90.6,6.1,8.3,4.3,85.8,Medium,Associate's Degree,71.2,Pass
STU0665,Robert Jackson,Male,19,Information Technology,92.1,5.4,7.6,3.2,84.5,Low,Associate's Degree,67.3,Pass
STU0666,Steven Miller,Male,20,Mechanical Engineering,72.5,5.4,6.3,1.4,87.0,Low,Bachelor's Degree,64.4,Pass
STU0667,Joshua Brown,Male,21,Mechanical Engineering,83.5,8.7,7.7,5.0,79.0,Low,Master's Degree,66.6,Pass
STU0668,Anthony Martin,Male,18,Mechanical Engineering,83.4,3.4,6.7,5.6,70.9,Medium,Bachelor's Degree,45.7,Fail
STU0669,Mark Davis,Male,20,Business Administration,90.5,5.9,7.3,2.1,88.1,Low,Master's Degree,65.7,Pass
STU0670,Mark Martin,Male,18,Business Administration,77.6,3.8,7.3,4.6,63.9,Medium,Bachelor's Degree,48.5,Fail
STU0671,Anthony Rodriguez,Male,18,Business Administration,76.0,1.0,7.5,1.7,75.0,Medium,Bachelor's Degree,46.0,Fail
STU0672,Jessica Taylor,Female,19,Computer Science,83.7,1.0,7.4,3.8,100.0,Medium,Associate's Degree,58.7,Pass
STU0673,John Williams,Male,19,Information Technology,93.8,2.8,7.5,4.1,68.9,Medium,Master's Degree,49.7,Fail
STU0674,Jessica Lopez,Female,21,Electrical Engineering,70.0,3.6,8.5,2.9,75.5,Low,Master's Degree,45.4,Fail
STU0675,James Martinez,Male,22,Computer Science,71.8,9.8,7.8,3.6,66.3,Medium,Bachelor's Degree,77.0,Pass
STU0676,Michelle Williams,Female,18,Information Technology,76.8,6.5,6.6,4.8,82.0,High,Master's Degree,62.2,Pass
STU0677,David Miller,Male,22,Information Technology,78.6,6.7,6.9,3.3,100.0,Medium,High School,71.6,Pass
STU0678,Joshua Moore,Male,21,Mechanical Engineering,64.3,3.6,8.5,2.5,83.6,Medium,Master's Degree,52.7,Pass
STU0679,Lisa Jackson,Female,18,Mechanical Engineering,97.0,5.1,7.1,1.7,79.5,High,High School,66.0,Pass
STU0680,Elizabeth Jackson,Female,18,Computer Science,80.7,10.0,6.6,2.9,100.0,Medium,Associate's Degree,77.4,Pass
STU0681,Lisa Lopez,Female,22,Mechanical Engineering,79.2,2.3,6.2,1.7,62.2,Medium,High School,39.1,Fail
STU0682,Charles Davis,Male,20,Information Technology,98.2,6.0,7.3,2.9,91.5,Medium,PhD,73.4,Pass
STU0683,Thomas Brown,Male,19,Mechanical Engineering,89.2,8.5,6.0,2.8,89.2,Low,Master's Degree,67.0,Pass
STU0684,Elizabeth Davis,Female,20,Business Administration,76.6,7.1,8.5,4.7,82.5,Medium,Master's Degree,69.4,Pass
STU0685,Sarah Anderson,Female,22,Mechanical Engineering,83.6,9.0,5.8,3.6,96.4,Medium,Master's Degree,66.6,Pass
STU0686,Margaret Thomas,Female,19,Information Technology,81.6,5.5,8.8,7.3,72.0,Medium,Bachelor's Degree,52.1,Pass
STU0687,Sandra Davis,Female,20,Computer Science,96.5,6.3,6.7,1.0,90.2,Medium,Master's Degree,75.7,Pass
STU0688,Paul Martinez,Male,19,Electrical Engineering,80.3,5.2,5.7,4.0,85.1,Medium,PhD,66.3,Pass
STU0689,Michelle Garcia,Female,18,Mechanical Engineering,67.6,6.2,7.2,2.8,73.9,Medium,Bachelor's Degree,65.4,Pass
STU0690,Daniel Johnson,Male,20,Information Technology,63.2,3.0,5.9,2.1,97.6,High,High School,60.3,Pass
STU0691,Richard Thomas,Male,19,Electrical Engineering,96.8,6.7,7.0,3.5,85.7,Medium,Bachelor's Degree,79.0,Pass
STU0692,Robert Gonzalez,Male,19,Electrical Engineering,74.1,5.6,6.3,3.3,81.4,High,PhD,66.9,Pass
STU0693,Jennifer Moore,Female,19,Business Administration,88.7,5.1,8.1,5.1,74.1,Low,Master's Degree,63.5,Pass
STU0694,Christopher Davis,Male,20,Electrical Engineering,82.7,8.8,7.2,3.6,86.3,Medium,Master's Degree,79.0,Pass
STU0695,David Smith,Male,21,Information Technology,77.8,4.4,5.6,2.5,100.0,Low,Master's Degree,63.3,Pass
STU0696,Mary Davis,Female,20,Information Technology,79.4,7.7,6.3,4.0,83.6,Low,Master's Degree,64.1,Pass
STU0697,William Thomas,Male,22,Mechanical Engineering,97.8,7.9,7.8,3.2,94.3,High,Bachelor's Degree,85.1,Pass
STU0698,Lisa Jones,Female,20,Mechanical Engineering,67.5,6.9,8.5,1.8,92.9,High,Bachelor's Degree,67.8,Pass
STU0699,Michael Garcia,Male,19,Mechanical Engineering,78.1,2.9,6.9,3.1,78.4,Low,Associate's Degree,45.2,Fail
STU0700,Sandra Jackson,Female,18,Electrical Engineering,91.1,5.8,5.7,3.8,81.5,Low,Bachelor's Degree,61.5,Pass
STU0701,Sarah Lopez,Female,20,Electrical Engineering,69.2,9.3,8.3,3.6,91.3,Low,Bachelor's Degree,82.5,Pass
STU0702,Christopher Wilson,Male,20,Business Administration,95.2,1.0,7.8,4.0,78.1,High,Master's Degree,55.9,Pass
STU0703,Donald Smith,Male,19,Mechanical Engineering,90.9,4.6,8.6,2.7,80.8,Low,Bachelor's Degree,56.9,Pass
STU0704,Matthew Gonzalez,Male,18,Computer Science,84.7,7.6,7.3,4.0,96.2,Low,High School,64.8,Pass
STU0705,John Brown,Male,18,Business Administration,77.0,4.7,6.4,3.7,81.5,Low,High School,54.1,Pass
STU0706,Barbara Jones,Female,22,Computer Science,67.9,6.8,7.6,3.7,95.5,Medium,Bachelor's Degree,67.4,Pass
STU0707,Robert Smith,Male,20,Electrical Engineering,89.1,8.1,7.4,3.5,87.2,High,Bachelor's Degree,81.0,Pass
STU0708,Linda Martin,Female,18,Business Administration,100.0,5.5,6.3,6.8,73.4,Low,Associate's Degree,59.0,Pass
STU0709,John Jones,Male,18,Business Administration,83.5,6.1,7.2,5.2,50.6,Medium,High School,55.9,Pass
STU0710,Jennifer Rodriguez,Female,21,Information Technology,63.7,5.2,6.8,3.9,62.4,Low,Bachelor's Degree,50.5,Pass
STU0711,Michelle Garcia,Female,21,Electrical Engineering,86.6,5.7,7.9,2.3,68.2,Medium,High School,50.2,Pass
STU0712,Emily Garcia,Female,18,Electrical Engineering,90.6,9.6,7.6,3.1,92.8,Medium,Associate's Degree,73.3,Pass
STU0713,Andrew Lopez,Male,22,Business Administration,72.8,4.9,5.7,5.9,72.1,Low,Associate's Degree,48.6,Fail
STU0714,Christopher Johnson,Male,18,Electrical Engineering,75.5,4.2,5.6,2.7,61.6,Low,Bachelor's Degree,43.5,Fail
STU0715,Mark Lopez,Male,19,Business Administration,74.5,7.3,6.9,3.3,83.6,High,Bachelor's Degree,72.2,Pass
STU0716,Nancy Rodriguez,Female,20,Information Technology,76.7,3.1,7.0,3.2,69.4,Low,Associate's Degree,52.1,Pass
STU0717,Patricia Williams,Female,22,Business Administration,80.3,3.6,7.9,4.1,86.0,Medium,Master's Degree,55.6,Pass
STU0718,Nancy Thomas,Female,19,Electrical Engineering,73.4,3.7,7.6,2.8,84.8,Medium,Associate's Degree,60.8,Pass
STU0719,James Williams,Male,22,Electrical Engineering,69.6,4.4,8.8,3.8,86.2,Low,High School,44.8,Fail
STU0720,Michelle Johnson,Female,19,Business Administration,83.7,4.5,6.4,2.9,57.4,Medium,High School,53.4,Pass
STU0721,Sarah Jackson,Female,20,Business Administration,80.2,6.5,6.4,5.5,85.3,High,Associate's Degree,68.9,Pass
STU0722,Mark Moore,Male,20,Business Administration,77.6,4.2,5.8,2.5,80.5,Medium,High School,42.2,Fail
STU0723,Christopher Thomas,Male,21,Mechanical Engineering,82.8,6.6,7.9,5.0,73.1,Low,High School,53.8,Pass
STU0724,Kimberly Jones,Female,19,Electrical Engineering,66.8,6.9,7.0,2.6,61.9,Medium,Bachelor's Degree,66.5,Pass
STU0725,Nancy Hernandez,Female,21,Electrical Engineering,84.6,3.6,4.8,2.2,80.9,Medium,Bachelor's Degree,60.2,Pass
STU0726,Margaret Williams,Female,19,Mechanical Engineering,77.8,6.9,7.2,2.4,95.6,Medium,Bachelor's Degree,75.1,Pass
STU0727,James Martin,Male,21,Business Administration,84.4,7.1,7.3,1.0,60.4,Medium,Bachelor's Degree,64.9,Pass
STU0728,Ashley Johnson,Female,20,Information Technology,86.0,1.1,6.8,4.2,70.9,Low,High School,37.5,Fail
STU0729,John Williams,Male,22,Business Administration,93.3,5.6,7.4,1.8,87.0,Medium,Master's Degree,73.4,Pass
STU0730,Joseph Anderson,Male,21,Business Administration,83.0,3.9,5.5,3.0,93.4,Medium,High School,52.9,Pass
STU0731,Richard Garcia,Male,19,Mechanical Engineering,92.7,7.9,9.0,4.6,85.3,Medium,Bachelor's Degree,77.7,Pass
STU0732,Sarah Martin,Female,19,Electrical Engineering,78.8,3.9,7.5,4.6,100.0,Medium,High School,61.9,Pass
STU0733,Mary Davis,Female,20,Business Administration,79.3,2.1,4.9,1.4,61.5,Low,Master's Degree,32.7,Fail
STU0734,Jennifer Brown,Female,19,Electrical Engineering,81.1,4.9,7.0,4.0,62.9,Medium,Bachelor's Degree,56.5,Pass
STU0735,Mark Garcia,Male,18,Computer Science,89.7,3.0,7.5,5.2,92.2,High,High School,59.4,Pass
STU0736,Margaret Williams,Female,22,Electrical Engineering,88.3,6.9,5.7,2.5,63.0,Medium,Bachelor's Degree,58.0,Pass
STU0737,Anthony Martin,Male,21,Information Technology,83.4,3.2,7.6,4.3,86.0,Medium,High School,62.2,Pass
STU0738,Sandra Brown,Female,22,Information Technology,69.7,5.0,9.0,1.8,78.5,Medium,Bachelor's Degree,55.3,Pass
STU0739,Daniel Taylor,Male,20,Business Administration,88.1,8.4,7.1,4.1,79.3,High,Bachelor's Degree,64.1,Pass
STU0740,Richard Rodriguez,Male,21,Electrical Engineering,73.4,7.4,7.5,3.7,80.6,High,High School,65.4,Pass
STU0741,Robert Gonzalez,Male,21,Business Administration,72.8,6.1,7.3,4.5,70.3,Medium,Associate's Degree,61.4,Pass
STU0742,Mark Moore,Male,18,Mechanical Engineering,70.6,4.7,8.2,4.4,78.0,Low,High School,42.8,Fail
STU0743,Donna Smith,Female,20,Information Technology,81.2,5.8,6.9,1.5,84.3,High,Bachelor's Degree,72.7,Pass
STU0744,Barbara Johnson,Female,19,Business Administration,94.1,6.5,5.7,3.7,82.8,Medium,Associate's Degree,58.9,Pass
STU0745,Anthony Garcia,Male,18,Mechanical Engineering,72.3,2.8,8.1,5.7,73.4,Medium,Bachelor's Degree,52.9,Pass
STU0746,Sandra Brown,Female,18,Business Administration,98.8,6.9,5.8,1.0,90.6,High,PhD,76.9,Pass
STU0747,Joseph Williams,Male,22,Electrical Engineering,91.1,2.6,9.2,5.0,98.4,Medium,Associate's Degree,52.8,Pass
STU0748,Donna Wilson,Female,22,Electrical Engineering,67.4,6.3,7.7,5.9,80.0,Low,PhD,59.3,Pass
STU0749,Michelle Taylor,Female,22,Electrical Engineering,78.2,2.6,6.3,1.3,88.0,High,Bachelor's Degree,58.8,Pass
STU0750,Jessica Wilson,Female,18,Electrical Engineering,71.6,9.3,8.3,2.5,77.2,Medium,High School,76.4,Pass
STU0751,David Thomas,Male,19,Computer Science,88.6,6.7,7.0,4.3,73.0,Medium,Associate's Degree,62.8,Pass
STU0752,Donna Wilson,Female,21,Mechanical Engineering,72.1,1.6,6.7,2.2,82.3,Low,Bachelor's Degree,43.3,Fail
STU0753,Donna Williams,Female,22,Mechanical Engineering,65.8,5.0,6.2,5.5,78.5,Medium,Associate's Degree,47.6,Fail
STU0754,Charles Jackson,Male,19,Electrical Engineering,78.7,3.9,4.7,5.1,92.8,Low,High School,38.1,Fail
STU0755,Thomas Martin,Male,20,Computer Science,93.7,3.6,7.7,1.4,96.6,Medium,High School,59.3,Pass
STU0756,Betty Miller,Female,22,Electrical Engineering,80.1,5.3,5.0,2.4,91.8,Medium,Bachelor's Degree,54.0,Pass
STU0757,Sandra Rodriguez,Female,21,Computer Science,86.0,3.0,6.0,4.7,89.7,High,Bachelor's Degree,47.9,Fail
STU0758,Donna Anderson,Female,20,Electrical Engineering,86.4,6.7,7.5,4.6,51.7,Medium,Bachelor's Degree,57.5,Pass
STU0759,Michelle Wilson,Female,20,Information Technology,66.9,6.6,6.4,6.8,87.4,Medium,High School,54.6,Pass
STU0760,Barbara Brown,Female,21,Information Technology,73.0,5.8,7.2,2.2,91.5,Medium,Master's Degree,74.6,Pass
STU0761,Joseph Taylor,Male,22,Business Administration,82.1,5.0,5.5,5.7,70.6,Medium,PhD,51.6,Pass
STU0762,Thomas Smith,Male,18,Electrical Engineering,76.4,6.5,6.6,2.1,84.3,Low,High School,61.4,Pass
STU0763,Joshua Wilson,Male,21,Mechanical Engineering,99.0,6.7,7.2,4.3,77.5,High,High School,71.7,Pass
STU0764,Lisa Williams,Female,21,Business Administration,69.7,6.0,5.9,4.8,92.9,Medium,Master's Degree,70.2,Pass
STU0765,Thomas Wilson,Male,21,Information Technology,72.9,2.1,9.0,1.0,68.9,Low,Master's Degree,40.5,Fail
STU0766,Sarah Brown,Female,20,Electrical Engineering,84.9,3.3,6.2,4.9,73.8,Low,Bachelor's Degree,53.5,Pass
STU0767,Linda Davis,Female,19,Business Administration,75.7,4.4,8.7,5.6,77.0,Medium,Master's Degree,57.3,Pass
STU0768,Patricia Rodriguez,Female,18,Electrical Engineering,53.1,1.8,6.8,5.1,97.6,Low,Bachelor's Degree,49.1,Fail
STU0769,Anthony Rodriguez,Male,22,Information Technology,100.0,5.5,5.1,6.6,96.6,Low,High School,70.7,Pass
STU0770,Ashley Taylor,Female,22,Business Administration,71.3,8.1,5.6,4.9,100.0,Medium,Bachelor's Degree,70.4,Pass
STU0771,Donald Lopez,Male,19,Information Technology,87.6,7.8,7.2,2.7,69.4,High,Bachelor's Degree,72.2,Pass
STU0772,Jennifer Hernandez,Female,21,Computer Science,69.5,6.6,8.2,5.4,70.7,Medium,PhD,60.0,Pass
STU0773,Anthony Moore,Male,18,Information Technology,73.4,6.6,9.1,2.6,97.3,Low,High School,67.9,Pass
STU0774,William Thomas,Male,22,Electrical Engineering,65.8,9.9,7.2,3.6,69.1,Low,Bachelor's Degree,79.8,Pass
STU0775,Michelle Jones,Female,22,Mechanical Engineering,74.6,6.9,5.6,4.7,77.8,Medium,Bachelor's Degree,63.6,Pass
STU0776,Robert Lopez,Male,21,Information Technology,75.6,7.0,7.3,4.2,100.0,Low,Associate's Degree,59.7,Pass
STU0777,James Rodriguez,Male,19,Mechanical Engineering,80.7,1.8,6.0,5.5,69.6,Medium,Associate's Degree,34.9,Fail
STU0778,Sarah Brown,Female,18,Computer Science,78.3,7.9,7.5,7.2,68.0,Low,Master's Degree,69.2,Pass
STU0779,Jennifer Taylor,Female,19,Business Administration,67.6,5.9,5.9,1.8,82.7,High,Associate's Degree,53.9,Pass
STU0780,Patricia Smith,Female,19,Business Administration,76.8,4.8,4.5,3.0,64.5,Medium,Bachelor's Degree,43.6,Fail
STU0781,Jessica Gonzalez,Female,18,Mechanical Engineering,96.5,4.3,8.6,4.0,97.0,Low,Master's Degree,61.2,Pass
STU0782,Margaret Davis,Female,18,Business Administration,95.3,3.8,6.7,2.8,74.9,High,High School,55.6,Pass
STU0783,Daniel Lopez,Male,22,Information Technology,86.6,7.8,7.1,3.4,76.4,Low,PhD,72.3,Pass
STU0784,Anthony Anderson,Male,22,Mechanical Engineering,88.6,4.9,8.2,4.7,84.5,Medium,Bachelor's Degree,52.3,Pass
STU0785,Mark Rodriguez,Male,18,Electrical Engineering,100.0,3.9,9.3,4.5,80.6,High,Bachelor's Degree,52.5,Pass
STU0786,Donna Martin,Female,20,Information Technology,87.7,3.3,7.9,3.9,84.6,Medium,Associate's Degree,47.6,Fail
STU0787,Jessica Jackson,Female,22,Information Technology,88.4,5.4,7.1,3.7,90.0,Medium,PhD,63.7,Pass
STU0788,David Martin,Male,20,Information Technology,66.4,4.2,7.6,3.2,77.8,Medium,High School,49.8,Fail
STU0789,Andrew Brown,Male,18,Electrical Engineering,70.9,3.7,6.6,5.6,68.5,Low,Associate's Degree,42.6,Fail
STU0790,Susan Brown,Female,22,Computer Science,81.7,2.0,7.0,6.0,87.0,Low,Associate's Degree,50.7,Pass
STU0791,Daniel Gonzalez,Male,19,Business Administration,73.9,7.1,7.2,5.0,77.7,Medium,Associate's Degree,65.0,Pass
STU0792,Jennifer Lopez,Female,18,Mechanical Engineering,72.0,4.7,6.1,1.8,72.7,Medium,Bachelor's Degree,49.6,Fail
STU0793,Patricia Johnson,Female,21,Computer Science,73.2,2.6,7.0,3.1,80.5,Low,PhD,51.9,Pass
STU0794,Sarah Smith,Female,20,Mechanical Engineering,67.8,4.4,7.4,3.8,61.2,Low,Master's Degree,52.9,Pass
STU0795,Joseph Garcia,Male,18,Business Administration,74.1,6.2,7.6,2.1,87.5,High,Associate's Degree,66.4,Pass
STU0796,Barbara Moore,Female,18,Electrical Engineering,85.4,5.1,7.5,3.6,85.9,High,Associate's Degree,63.9,Pass
STU0797,Kimberly Lopez,Female,22,Information Technology,100.0,5.4,5.4,3.5,97.7,Medium,Bachelor's Degree,63.4,Pass
STU0798,Barbara Davis,Female,22,Information Technology,90.0,5.1,8.5,5.1,79.6,High,High School,55.1,Pass
STU0799,Donna Martinez,Female,22,Electrical Engineering,88.4,2.2,8.4,2.8,94.1,Medium,Master's Degree,61.5,Pass
STU0800,Mary Gonzalez,Female,21,Computer Science,65.8,7.1,6.9,5.2,88.7,Low,Master's Degree,64.2,Pass
STU0801,Kimberly Williams,Female,22,Computer Science,83.2,1.2,7.5,2.1,78.7,Low,Master's Degree,57.3,Pass
STU0802,Joseph Wilson,Male,18,Mechanical Engineering,81.3,6.0,6.7,2.3,100.0,Low,Associate's Degree,61.8,Pass
STU0803,Jennifer Thomas,Female,22,Electrical Engineering,84.9,6.4,7.9,2.9,86.4,High,Bachelor's Degree,75.2,Pass
STU0804,Betty Martin,Female,19,Computer Science,78.4,4.5,6.0,3.6,77.0,Medium,High School,51.7,Pass
STU0805,Steven Gonzalez,Male,22,Electrical Engineering,98.6,5.8,8.6,1.0,88.0,Medium,Associate's Degree,67.1,Pass
STU0806,Barbara Taylor,Female,21,Business Administration,82.5,4.4,7.8,4.2,77.3,Low,Bachelor's Degree,52.1,Pass
STU0807,Sandra Taylor,Female,19,Information Technology,83.5,5.8,7.9,6.1,88.2,Medium,Master's Degree,70.0,Pass
STU0808,Jessica Hernandez,Female,18,Information Technology,62.4,7.2,6.9,4.5,96.2,Medium,Master's Degree,72.4,Pass
STU0809,Joshua Smith,Male,18,Information Technology,80.9,3.3,5.3,3.2,81.0,High,PhD,58.0,Pass
STU0810,Richard Taylor,Male,20,Electrical Engineering,93.5,6.5,8.1,1.9,87.7,Low,Master's Degree,72.5,Pass
STU0811,Karen Hernandez,Female,19,Electrical Engineering,87.6,8.7,5.3,1.0,96.6,Medium,High School,73.3,Pass
STU0812,Sarah Rodriguez,Female,20,Mechanical Engineering,60.4,5.6,8.1,1.0,92.7,Low,Bachelor's Degree,50.9,Pass
STU0813,William Taylor,Male,19,Information Technology,77.5,3.9,6.1,3.3,76.8,Medium,High School,48.2,Fail
STU0814,Sarah Taylor,Female,19,Mechanical Engineering,99.3,10.0,5.1,6.7,93.6,Medium,Associate's Degree,76.9,Pass
STU0815,Donna Miller,Female,21,Information Technology,80.5,5.2,7.0,1.0,91.3,Low,Bachelor's Degree,72.3,Pass
STU0816,Sarah Miller,Female,20,Mechanical Engineering,85.2,5.5,8.4,4.6,87.7,Medium,Bachelor's Degree,66.9,Pass
STU0817,Betty Hernandez,Female,21,Mechanical Engineering,98.2,5.6,5.8,2.5,67.8,Low,Bachelor's Degree,57.4,Pass
STU0818,Anthony Jackson,Male,19,Business Administration,80.5,6.0,8.9,3.0,94.1,High,High School,67.4,Pass
STU0819,Christopher Gonzalez,Male,18,Mechanical Engineering,89.9,4.3,7.8,2.1,88.9,Low,High School,51.7,Pass
STU0820,Anthony Gonzalez,Male,19,Electrical Engineering,86.1,5.4,7.2,1.4,90.3,Medium,High School,60.5,Pass
STU0821,Mary Davis,Female,21,Mechanical Engineering,88.3,7.1,6.5,3.7,74.8,High,High School,63.1,Pass
STU0822,Daniel Jackson,Male,20,Information Technology,85.8,4.2,6.6,3.9,84.4,Medium,High School,56.4,Pass
STU0823,Daniel Davis,Male,20,Mechanical Engineering,76.5,4.1,7.5,4.5,89.8,Medium,Bachelor's Degree,57.5,Pass
STU0824,Joseph Gonzalez,Male,21,Computer Science,77.5,4.4,8.0,1.0,73.1,Medium,Master's Degree,55.1,Pass
STU0825,Nancy Thomas,Female,20,Information Technology,73.5,2.6,6.3,4.8,72.9,Low,Associate's Degree,34.3,Fail
STU0826,Mary Gonzalez,Female,22,Computer Science,65.6,3.5,6.0,4.8,87.6,Medium,Bachelor's Degree,50.3,Pass
STU0827,Richard Jones,Male,18,Information Technology,94.4,3.4,6.7,4.1,76.6,Medium,High School,52.1,Pass
STU0828,Joseph Wilson,Male,18,Electrical Engineering,82.1,5.0,8.7,2.9,81.2,High,PhD,68.1,Pass
STU0829,Betty Anderson,Female,18,Electrical Engineering,93.9,6.8,5.5,4.0,76.9,High,Associate's Degree,61.7,Pass
STU0830,Steven Anderson,Male,20,Electrical Engineering,97.7,8.2,8.4,3.3,100.0,Medium,Master's Degree,85.1,Pass
STU0831,Joshua Moore,Male,20,Computer Science,82.5,5.1,7.1,5.0,88.7,Medium,Master's Degree,59.8,Pass
STU0832,Paul Johnson,Male,19,Business Administration,68.9,6.0,5.0,3.0,80.0,High,Master's Degree,59.4,Pass
STU0833,Michael Smith,Male,19,Information Technology,80.0,5.5,6.4,3.7,79.2,Medium,High School,56.9,Pass
STU0834,Michael Moore,Male,18,Electrical Engineering,75.3,1.0,7.7,1.0,65.2,Low,Bachelor's Degree,36.9,Fail
STU0835,Elizabeth Jackson,Female,22,Information Technology,62.2,2.5,9.2,4.0,76.2,Medium,High School,29.9,Fail
STU0836,Mark Davis,Male,19,Computer Science,77.0,6.7,5.4,2.4,91.2,High,High School,57.0,Pass
STU0837,Michelle Taylor,Female,19,Business Administration,81.3,6.9,4.0,4.3,77.4,Medium,High School,54.8,Pass
STU0838,James Lopez,Male,20,Computer Science,75.6,6.8,5.4,4.7,85.6,Medium,Master's Degree,67.0,Pass
STU0839,Donna Anderson,Female,22,Information Technology,74.3,4.6,8.4,2.6,78.0,Medium,Master's Degree,56.1,Pass
STU0840,Sarah Miller,Female,18,Business Administration,69.2,1.0,4.8,3.5,90.4,High,High School,43.0,Fail
STU0841,John Rodriguez,Male,19,Business Administration,84.0,2.7,8.8,3.8,74.5,Medium,Bachelor's Degree,47.0,Fail
STU0842,Karen Johnson,Female,22,Computer Science,100.0,3.1,8.5,4.1,91.5,Medium,PhD,68.0,Pass
STU0843,Andrew Hernandez,Male,22,Electrical Engineering,94.8,6.4,7.2,4.7,100.0,Low,Bachelor's Degree,73.7,Pass
STU0844,Betty Martinez,Female,18,Information Technology,88.5,4.2,6.2,4.5,79.5,Low,Associate's Degree,48.0,Fail
STU0845,Anthony Moore,Male,22,Mechanical Engineering,88.8,8.7,7.1,2.9,82.9,Medium,Bachelor's Degree,78.8,Pass
STU0846,Andrew Rodriguez,Male,22,Mechanical Engineering,80.7,8.2,7.7,5.9,96.2,High,Bachelor's Degree,80.6,Pass
STU0847,Richard Williams,Male,22,Computer Science,64.0,8.7,7.6,4.6,67.2,Medium,Bachelor's Degree,72.8,Pass
STU0848,Michelle Garcia,Female,19,Information Technology,78.3,3.0,9.1,5.6,84.7,Low,Bachelor's Degree,53.8,Pass
STU0849,Patricia Garcia,Female,18,Information Technology,72.3,6.1,6.7,4.0,67.4,Medium,Associate's Degree,53.6,Pass
STU0850,Jennifer Thomas,Female,22,Computer Science,83.5,3.9,5.4,4.1,94.4,Low,Associate's Degree,50.2,Pass
STU0851,Joseph Johnson,Male,22,Information Technology,94.3,5.7,5.2,3.3,83.5,Low,Associate's Degree,65.1,Pass
STU0852,Kimberly Rodriguez,Female,19,Electrical Engineering,100.0,3.2,5.0,2.8,82.9,Medium,High School,53.3,Pass
STU0853,Daniel Williams,Male,18,Computer Science,82.6,7.7,7.2,5.0,79.4,High,Bachelor's Degree,71.3,Pass
STU0854,Lisa Smith,Female,20,Electrical Engineering,65.3,3.3,6.7,3.9,62.9,Low,High School,26.0,Fail
STU0855,Matthew Anderson,Male,19,Information Technology,82.6,1.0,7.0,3.3,91.2,Medium,Master's Degree,48.4,Fail
STU0856,William Taylor,Male,18,Computer Science,82.9,9.5,6.4,2.0,87.1,Low,Associate's Degree,68.6,Pass
STU0857,David Hernandez,Male,22,Information Technology,88.8,6.0,5.7,5.8,100.0,Low,Bachelor's Degree,64.1,Pass
STU0858,Paul Brown,Male,18,Computer Science,81.8,2.6,7.7,3.7,72.3,Low,PhD,53.6,Pass
STU0859,Jennifer Gonzalez,Female,18,Information Technology,82.7,4.6,4.0,1.7,76.5,Medium,Master's Degree,56.8,Pass
STU0860,Thomas Garcia,Male,18,Electrical Engineering,75.7,3.7,6.0,3.6,71.8,Low,PhD,57.0,Pass
STU0861,Nancy Johnson,Female,20,Electrical Engineering,78.9,5.0,7.9,3.2,81.1,Medium,Bachelor's Degree,64.7,Pass
STU0862,Robert Williams,Male,18,Information Technology,87.1,6.8,5.9,3.1,100.0,Low,High School,58.5,Pass
STU0863,Nancy Anderson,Female,20,Computer Science,61.9,6.4,7.5,4.4,92.1,Low,Master's Degree,69.1,Pass
STU0864,Thomas Davis,Male,22,Mechanical Engineering,78.8,5.6,6.0,3.2,68.5,Low,Master's Degree,62.6,Pass
STU0865,Christopher Thomas,Male,20,Electrical Engineering,88.9,5.0,6.5,3.0,96.4,High,Master's Degree,79.9,Pass
STU0866,Linda Smith,Female,22,Electrical Engineering,98.4,7.4,7.7,5.5,95.5,Medium,Bachelor's Degree,71.6,Pass
STU0867,Richard Johnson,Male,22,Mechanical Engineering,78.0,1.0,5.5,1.0,82.7,High,Bachelor's Degree,45.5,Fail
STU0868,William Miller,Male,20,Information Technology,93.9,3.4,7.9,3.4,76.3,Medium,High School,57.2,Pass
STU0869,Linda Jones,Female,19,Computer Science,98.9,2.8,7.1,4.9,77.1,Medium,Bachelor's Degree,49.3,Fail
STU0870,Mary Smith,Female,21,Information Technology,78.1,7.2,8.5,4.4,86.7,Medium,High School,54.7,Pass
STU0871,Mark Martin,Male,18,Business Administration,76.4,3.4,7.2,5.0,75.0,Low,Associate's Degree,47.6,Fail
STU0872,Andrew Martinez,Male,21,Electrical Engineering,80.2,2.2,5.7,6.5,92.8,Medium,Bachelor's Degree,46.1,Fail
STU0873,Emily Williams,Female,18,Business Administration,81.2,6.2,9.1,6.0,78.7,Medium,Bachelor's Degree,51.4,Pass
STU0874,Christopher Anderson,Male,18,Electrical Engineering,92.9,3.0,5.8,1.8,63.1,Medium,High School,49.8,Fail
STU0875,Christopher Taylor,Male,22,Electrical Engineering,74.3,4.2,6.7,1.1,68.2,Medium,Master's Degree,54.4,Pass
STU0876,Steven Garcia,Male,18,Business Administration,97.4,10.0,8.1,4.0,79.2,Medium,Master's Degree,80.0,Pass
STU0877,Elizabeth Davis,Female,18,Business Administration,74.0,6.7,4.7,1.5,81.5,High,Bachelor's Degree,57.9,Pass
STU0878,Patricia Thomas,Female,20,Information Technology,69.4,4.5,8.7,1.0,83.0,Medium,Bachelor's Degree,56.5,Pass
STU0879,Joshua Lopez,Male,21,Business Administration,87.2,4.7,5.6,4.0,84.3,Medium,PhD,64.6,Pass
STU0880,David Smith,Male,20,Information Technology,94.3,7.0,6.5,4.4,92.2,Medium,High School,70.3,Pass
STU0881,Michael Taylor,Male,18,Information Technology,83.8,6.5,7.3,6.1,82.8,High,Bachelor's Degree,61.5,Pass
STU0882,Betty Moore,Female,22,Information Technology,86.4,5.2,6.9,4.7,82.0,Medium,High School,60.0,Pass
STU0883,William Williams,Male,20,Electrical Engineering,100.0,5.2,7.9,6.4,100.0,Medium,Associate's Degree,72.5,Pass
STU0884,Christopher Gonzalez,Male,20,Electrical Engineering,94.4,1.7,5.1,4.0,93.3,Low,Bachelor's Degree,46.5,Fail
STU0885,Linda Wilson,Female,19,Business Administration,82.3,1.3,7.9,1.8,83.0,Medium,Bachelor's Degree,54.5,Pass
STU0886,Christopher Martinez,Male,18,Electrical Engineering,77.7,4.6,8.0,4.7,91.3,Low,High School,49.6,Fail
STU0887,Donna Moore,Female,22,Business Administration,93.0,3.6,8.2,5.5,64.0,Medium,Associate's Degree,55.2,Pass
STU0888,David Anderson,Male,20,Electrical Engineering,90.3,6.3,5.1,4.1,77.9,High,Bachelor's Degree,64.5,Pass
STU0889,Charles Jones,Male,20,Computer Science,86.2,5.4,5.2,5.7,80.1,High,Bachelor's Degree,57.4,Pass
STU0890,William Martinez,Male,22,Computer Science,78.7,3.3,6.6,3.3,72.7,Medium,Bachelor's Degree,48.2,Fail
STU0891,Elizabeth Williams,Female,18,Business Administration,81.2,5.4,5.4,4.3,68.2,High,Associate's Degree,58.7,Pass
STU0892,Barbara Brown,Female,19,Electrical Engineering,80.5,4.1,4.8,3.2,86.2,Low,Bachelor's Degree,51.5,Pass
STU0893,Emily Rodriguez,Female,20,Electrical Engineering,78.9,9.5,6.5,7.1,100.0,High,High School,81.2,Pass
STU0894,Steven Gonzalez,Male,19,Information Technology,76.0,5.8,7.3,4.8,83.2,Medium,High School,63.9,Pass
STU0895,Margaret Martin,Female,21,Mechanical Engineering,84.7,1.6,10.0,1.8,86.1,Medium,Bachelor's Degree,44.1,Fail
STU0896,Steven Gonzalez,Male,18,Business Administration,75.5,9.0,7.7,6.3,86.7,High,Bachelor's Degree,77.7,Pass
STU0897,Donald Brown,Male,21,Mechanical Engineering,83.8,3.6,9.1,2.4,77.5,High,High School,50.4,Pass
STU0898,Elizabeth Jones,Female,21,Mechanical Engineering,61.0,2.9,6.9,3.5,86.8,Low,High School,47.6,Fail
STU0899,Thomas Taylor,Male,21,Business Administration,76.0,9.7,7.7,4.2,73.8,Medium,Bachelor's Degree,71.3,Pass
STU0900,Matthew Johnson,Male,18,Electrical Engineering,93.0,5.8,6.8,4.3,67.3,Low,Associate's Degree,55.4,Pass
STU0901,Matthew Jackson,Male,18,Business Administration,73.0,6.5,10.0,4.2,69.3,High,Associate's Degree,66.4,Pass
STU0902,Robert Martinez,Male,22,Mechanical Engineering,87.9,6.6,6.2,1.8,94.6,Medium,Associate's Degree,75.5,Pass
STU0903,John Gonzalez,Male,19,Electrical Engineering,73.8,4.5,6.3,4.2,82.3,Low,High School,42.7,Fail
STU0904,Donna Taylor,Female,19,Computer Science,89.8,3.7,8.0,5.2,86.7,Medium,High School,59.4,Pass
STU0905,Anthony Lopez,Male,22,Business Administration,79.0,4.1,7.2,5.1,98.5,Medium,Master's Degree,67.7,Pass
STU0906,Nancy Hernandez,Female,22,Business Administration,78.6,8.5,6.5,1.5,75.4,Medium,Bachelor's Degree,64.0,Pass
STU0907,Susan Brown,Female,21,Electrical Engineering,82.5,5.4,8.2,2.5,95.9,Low,Bachelor's Degree,63.5,Pass
STU0908,Andrew Smith,Male,22,Computer Science,68.6,7.9,7.0,1.9,80.8,Low,Bachelor's Degree,60.1,Pass
STU0909,Robert Gonzalez,Male,20,Computer Science,91.7,4.8,6.9,4.0,79.0,Medium,Bachelor's Degree,48.9,Fail
STU0910,Mark Johnson,Male,19,Electrical Engineering,95.0,3.3,7.1,1.2,84.0,Low,Master's Degree,58.9,Pass
STU0911,Lisa Brown,Female,22,Information Technology,78.4,1.8,4.9,1.8,81.3,Medium,Bachelor's Degree,41.4,Fail
STU0912,Andrew Taylor,Male,20,Business Administration,87.2,6.4,5.1,2.5,83.7,Medium,Associate's Degree,55.7,Pass
STU0913,Jennifer Moore,Female,20,Business Administration,89.8,8.7,8.3,1.0,95.0,Low,Bachelor's Degree,77.6,Pass
STU0914,Joseph Jackson,Male,20,Mechanical Engineering,81.1,3.1,6.2,3.5,81.7,Medium,Associate's Degree,39.1,Fail
STU0915,Elizabeth Miller,Female,20,Electrical Engineering,70.9,6.1,6.8,1.0,81.0,Medium,Bachelor's Degree,62.4,Pass
STU0916,Joseph Jones,Male,21,Mechanical Engineering,97.9,2.0,8.9,4.2,77.9,Medium,Bachelor's Degree,50.2,Pass
STU0917,Steven Jones,Male,20,Mechanical Engineering,78.1,3.8,6.9,2.9,83.7,Medium,Master's Degree,61.6,Pass
STU0918,Linda Jackson,Female,21,Computer Science,75.9,5.6,6.7,2.6,69.5,Medium,Bachelor's Degree,48.6,Fail
STU0919,Patricia Hernandez,Female,21,Business Administration,98.4,1.2,8.1,2.8,70.5,Medium,High School,54.3,Pass
STU0920,Matthew Anderson,Male,20,Mechanical Engineering,88.1,5.0,6.3,3.4,80.5,High,High School,67.8,Pass
STU0921,Nancy Hernandez,Female,19,Computer Science,84.6,3.2,8.4,4.4,87.0,Low,Associate's Degree,46.5,Fail
STU0922,Susan Jones,Female,20,Electrical Engineering,72.3,6.3,8.1,5.5,100.0,High,High School,74.2,Pass
STU0923,Kimberly Martin,Female,20,Mechanical Engineering,90.0,4.6,9.2,5.0,82.4,Medium,Associate's Degree,60.0,Pass
STU0924,Sarah Wilson,Female,20,Business Administration,100.0,7.1,6.2,6.8,70.8,High,Associate's Degree,63.8,Pass
STU0925,Daniel Garcia,Male,19,Mechanical Engineering,90.8,4.4,8.6,4.5,76.0,Medium,Associate's Degree,51.7,Pass
STU0926,Steven Jackson,Male,18,Electrical Engineering,87.0,2.0,7.7,3.7,87.0,Medium,PhD,55.2,Pass
STU0927,Andrew Thomas,Male,18,Mechanical Engineering,89.2,1.7,5.4,2.8,70.7,High,Associate's Degree,58.5,Pass
STU0928,Nancy Lopez,Female,21,Business Administration,78.7,1.0,4.0,2.9,64.9,Low,Associate's Degree,34.5,Fail
STU0929,Michelle Garcia,Female,21,Computer Science,78.6,6.4,6.0,4.3,91.0,Low,High School,57.0,Pass
STU0930,Michael Garcia,Male,19,Business Administration,78.5,10.0,7.4,2.0,93.4,Low,Bachelor's Degree,79.5,Pass
STU0931,Christopher Smith,Male,22,Computer Science,76.3,6.0,7.5,3.8,68.9,High,High School,62.5,Pass
STU0932,Margaret Hernandez,Female,18,Information Technology,78.5,8.7,6.9,3.5,78.3,Medium,Bachelor's Degree,75.2,Pass
STU0933,Donna Moore,Female,21,Business Administration,78.4,7.5,6.9,2.4,98.2,Medium,High School,65.7,Pass
STU0934,Kimberly Jackson,Female,18,Business Administration,79.6,3.9,6.8,1.9,90.1,Medium,Bachelor's Degree,60.9,Pass
STU0935,Anthony Moore,Male,19,Electrical Engineering,79.3,7.8,7.1,7.3,74.3,Medium,Master's Degree,64.0,Pass
STU0936,Andrew Anderson,Male,19,Mechanical Engineering,84.4,3.9,5.3,1.4,62.5,Medium,High School,44.2,Fail
STU0937,Mark Brown,Male,22,Computer Science,82.8,4.0,7.3,3.4,84.9,Medium,Associate's Degree,57.0,Pass
STU0938,Susan Gonzalez,Female,22,Computer Science,83.7,4.5,6.0,5.3,80.0,High,Bachelor's Degree,63.4,Pass
STU0939,Robert Thomas,Male,19,Electrical Engineering,97.2,4.6,5.9,4.3,86.9,Low,Bachelor's Degree,57.3,Pass
STU0940,Sarah Davis,Female,21,Electrical Engineering,82.8,6.5,8.4,2.8,91.6,Low,Bachelor's Degree,66.5,Pass
STU0941,Joshua Gonzalez,Male,18,Mechanical Engineering,100.0,3.5,5.8,1.7,74.6,Medium,Bachelor's Degree,45.9,Fail
STU0942,Kimberly Taylor,Female,20,Mechanical Engineering,85.5,7.0,6.8,3.7,81.9,Medium,Bachelor's Degree,69.6,Pass
STU0943,Kimberly Smith,Female,22,Business Administration,77.5,6.9,9.4,1.0,75.9,Medium,Bachelor's Degree,57.9,Pass
STU0944,Jessica Jackson,Female,20,Information Technology,95.5,5.8,8.0,3.8,77.7,Medium,Associate's Degree,55.6,Pass
STU0945,David Williams,Male,21,Mechanical Engineering,81.2,9.3,6.5,3.6,94.0,Low,High School,77.1,Pass
STU0946,William Gonzalez,Male,22,Electrical Engineering,58.1,7.8,6.6,5.1,84.5,Medium,Bachelor's Degree,63.4,Pass
STU0947,Mark Wilson,Male,20,Mechanical Engineering,82.0,7.4,5.5,1.8,70.6,Medium,Master's Degree,53.8,Pass
STU0948,Ashley Moore,Female,21,Computer Science,79.5,5.1,8.6,3.0,90.3,Low,PhD,59.2,Pass
STU0949,Lisa Williams,Female,18,Information Technology,98.1,5.8,8.2,4.2,83.2,Medium,Master's Degree,69.1,Pass
STU0950,Karen Martinez,Female,21,Business Administration,73.0,6.2,7.8,3.8,91.1,Medium,Bachelor's Degree,66.4,Pass
STU0951,Ashley Lopez,Female,22,Computer Science,78.7,5.0,8.0,1.5,72.7,Medium,Bachelor's Degree,55.1,Pass
STU0952,Patricia Rodriguez,Female,19,Computer Science,94.7,4.2,6.1,2.5,75.0,Low,Bachelor's Degree,37.0,Fail
STU0953,Robert Anderson,Male,18,Information Technology,85.9,1.0,5.1,5.6,81.6,High,Associate's Degree,40.0,Fail
STU0954,Jennifer Jackson,Female,20,Business Administration,80.3,6.6,7.7,3.9,74.0,Medium,Bachelor's Degree,69.0,Pass
STU0955,Paul Davis,Male,22,Electrical Engineering,74.4,7.3,8.1,1.0,82.2,Low,Associate's Degree,69.9,Pass
STU0956,Steven Davis,Male,19,Business Administration,85.5,2.4,8.9,4.8,68.6,Medium,Associate's Degree,39.8,Fail
STU0957,Susan Miller,Female,21,Mechanical Engineering,81.7,6.3,6.8,1.1,80.9,High,Bachelor's Degree,77.9,Pass
STU0958,Robert Smith,Male,19,Computer Science,74.3,3.7,6.6,3.0,80.3,Medium,Bachelor's Degree,44.8,Fail
STU0959,Michael Jones,Male,22,Mechanical Engineering,74.8,4.2,6.7,4.3,81.4,High,High School,49.7,Fail
STU0960,Mary Anderson,Female,22,Electrical Engineering,73.9,7.9,7.8,5.3,81.9,Low,High School,65.8,Pass
STU0961,William Gonzalez,Male,19,Mechanical Engineering,72.1,2.8,6.7,1.0,82.5,High,Master's Degree,59.9,Pass
STU0962,Jessica Davis,Female,21,Business Administration,91.3,2.8,6.9,4.6,83.5,Medium,Bachelor's Degree,55.0,Pass
STU0963,William Rodriguez,Male,19,Mechanical Engineering,90.0,9.0,8.0,4.8,88.4,Low,Bachelor's Degree,69.7,Pass
STU0964,James Brown,Male,22,Electrical Engineering,91.4,4.7,6.2,2.7,78.1,Medium,Associate's Degree,51.4,Pass
STU0965,Robert Johnson,Male,22,Electrical Engineering,82.0,7.7,8.7,3.6,97.2,High,Associate's Degree,71.0,Pass
STU0966,Joseph Rodriguez,Male,20,Electrical Engineering,79.6,1.5,7.8,1.0,82.6,Medium,High School,40.4,Fail
STU0967,Patricia Wilson,Female,20,Business Administration,79.8,1.7,4.8,1.0,68.6,Medium,Bachelor's Degree,40.3,Fail
STU0968,Anthony Brown,Male,18,Electrical Engineering,92.2,3.0,6.4,5.2,88.9,Low,Bachelor's Degree,52.9,Pass
STU0969,Barbara Hernandez,Female,22,Computer Science,63.8,3.9,4.6,2.7,88.0,Medium,Associate's Degree,41.0,Fail
STU0970,Robert Davis,Male,20,Electrical Engineering,76.9,1.9,6.8,3.0,78.0,Low,Associate's Degree,40.2,Fail
STU0971,Jennifer Wilson,Female,19,Mechanical Engineering,73.1,5.8,6.4,3.9,82.8,Low,High School,39.6,Fail
STU0972,Betty Gonzalez,Female,21,Mechanical Engineering,95.6,6.0,8.0,3.0,66.0,Medium,Bachelor's Degree,63.9,Pass
STU0973,Patricia Gonzalez,Female,19,Mechanical Engineering,77.2,3.0,5.9,2.8,71.7,High,High School,49.1,Fail
STU0974,Andrew Garcia,Male,21,Business Administration,65.6,3.2,7.5,4.1,87.1,Medium,Bachelor's Degree,48.5,Fail
STU0975,Donald Johnson,Male,20,Mechanical Engineering,84.2,3.5,7.7,1.3,74.0,Low,Bachelor's Degree,48.1,Fail
STU0976,Joseph Taylor,Male,18,Business Administration,78.3,2.4,7.3,5.2,78.0,Medium,Master's Degree,52.5,Pass
STU0977,Patricia Martinez,Female,19,Business Administration,76.4,1.0,8.4,3.2,69.1,High,Bachelor's Degree,43.5,Fail
STU0978,Donald Garcia,Male,19,Electrical Engineering,75.4,4.8,9.5,2.0,84.4,Medium,Associate's Degree,58.1,Pass
STU0979,Patricia Johnson,Female,19,Computer Science,75.0,4.1,7.1,1.8,85.1,Medium,Bachelor's Degree,54.1,Pass
STU0980,Betty Anderson,Female,21,Electrical Engineering,89.1,4.3,7.5,3.6,87.7,High,Bachelor's Degree,62.9,Pass
STU0981,John Miller,Male,20,Electrical Engineering,84.2,2.8,5.9,3.0,69.6,Medium,High School,41.6,Fail
STU0982,Jennifer Davis,Female,19,Business Administration,80.0,6.8,5.8,1.2,86.2,Low,Bachelor's Degree,57.8,Pass
STU0983,Anthony Miller,Male,19,Business Administration,71.0,10.0,8.2,2.6,100.0,Medium,Master's Degree,82.5,Pass
STU0984,Richard Smith,Male,18,Mechanical Engineering,80.3,3.2,8.1,2.3,88.4,High,Associate's Degree,52.3,Pass
STU0985,Kimberly Rodriguez,Female,18,Mechanical Engineering,84.6,8.1,5.8,5.4,88.3,Medium,Bachelor's Degree,72.5,Pass
STU0986,Betty Jackson,Female,20,Electrical Engineering,85.0,5.8,5.4,3.7,65.4,Low,Master's Degree,48.7,Fail
STU0987,Donna Taylor,Female,20,Information Technology,83.6,5.1,6.2,5.9,81.2,Medium,Bachelor's Degree,59.2,Pass
STU0988,Charles Martinez,Male,22,Information Technology,72.8,4.2,6.8,2.4,97.4,Medium,Bachelor's Degree,68.3,Pass
STU0989,Michael Davis,Male,18,Mechanical Engineering,58.0,4.8,6.5,3.1,92.6,High,Associate's Degree,59.8,Pass
STU0990,Michelle Martin,Female,22,Information Technology,100.0,7.5,7.2,4.1,93.6,Medium,Associate's Degree,77.1,Pass
STU0991,Emily Wilson,Female,21,Mechanical Engineering,68.9,2.5,8.1,4.4,71.1,Medium,Bachelor's Degree,37.3,Fail
STU0992,Emily Wilson,Female,22,Business Administration,62.4,4.4,7.6,4.6,80.2,High,Bachelor's Degree,63.5,Pass
STU0993,Joshua Anderson,Male,19,Electrical Engineering,83.3,7.7,7.6,2.2,94.5,Medium,Master's Degree,84.1,Pass
STU0994,Linda Gonzalez,Female,22,Computer Science,64.9,7.2,4.1,2.2,92.8,Low,High School,53.5,Pass
STU0995,Joseph Moore,Male,20,Electrical Engineering,74.0,2.5,5.1,3.0,82.2,High,Bachelor's Degree,46.6,Fail
STU0996,Daniel Wilson,Male,21,Mechanical Engineering,87.5,4.6,6.0,5.7,92.2,Medium,Associate's Degree,54.6,Pass
STU0997,Patricia Moore,Female,19,Mechanical Engineering,99.7,6.6,6.2,2.0,87.3,Medium,High School,76.3,Pass
STU0998,John Hernandez,Male,22,Electrical Engineering,85.9,6.5,8.0,2.7,84.7,Medium,Associate's Degree,70.2,Pass
STU0999,Sarah Lopez,Female,21,Mechanical Engineering,77.6,7.1,5.9,4.6,80.6,Low,Associate's Degree,54.4,Pass
STU1000,Steven Anderson,Male,21,Information Technology,81.5,5.8,7.8,4.5,88.4,High,Associate's Degree,72.1,Pass
